,DSW,DSW_CI,ISW,ISW_CI,LSSW,LSSW_CI,mCDW,mCDW_CI,CDW,CDW_CI,zlowest,month,region
0,0.0,[0. 0.],49.08094025595564,[28.90538889 29.53238889],12.814235633328316,[4. 4.],0.0,[0. 0.],0.0,[0. 0.],5635.845898356284,1,WS-NIS
1,29.352642222190696,[14.02680071 18.41962929],320.80685380963826,[293.51276507 298.31123652],116.06521449053017,[104.50422447 106.62016312],15.850070709027557,[6.29612727 7.58248669],0.0,[0. 0.],110640.46526087649,2,WS-NIS
2,111.53277291601407,[ 98.55113017 100.0815155 ],286.16129620734716,[263.85470217 266.1677042 ],117.43581761312514,[112.19217099 112.48625883],46.57577930336032,[41.59301822 42.90562328],0.0,[0. 0.],280551.42119845457,3,WS-NIS
3,43.02298937277059,[37.15279833 37.2014793 ],259.7430759829858,[252.91575532 253.85880712],128.05442318581538,[124.17016293 124.23318268],71.93367047605476,[67.58807543 67.67673831],0.43206180880497136,[0. 0.],232842.45168925315,4,WS-NIS
4,61.495591353369996,[55.07960576 55.21747193],288.7756310119835,[281.34660922 281.84807971],88.54428671696645,[85.06867994 85.16703252],46.32733173060907,[43.59391866 43.6217943 ],0.0,[0. 0.],287171.0058472361,5,WS-NIS
5,64.80310747880912,[49.97679755 51.82102112],397.83391836530893,[372.45018718 376.01895657],117.8011209342715,[109.4803769 109.6597175],33.52649481358334,[16.00310909 18.44340356],0.09586979460514627,[0. 0.],153083.3541087839,6,WS-NIS
6,26.912254723455575,[19.9610952  20.46455256],424.4030575918391,[389.73466913 401.98559058],122.77119998471743,[106.21231109 106.6614745 ],71.67534574637581,[58.1210476 60.1653832],0.0,[0. 0.],64070.163535000196,7,WS-NIS
7,114.26780669192516,[71.53411781 79.40751781],540.2304167075367,[490.79805638 492.48129832],95.75918521895258,[67.82655668 69.70165668],21.578710232721523,[2.95021978 6.48714286],0.0,[0. 0.],6777.272817740507,8,WS-NIS
8,68.7417372244739,[53.61053232 54.46655336],653.640713356883,[619.77048226 621.69132818],0.0,[0. 0.],20.09352794161766,[7.01018681 8.65003297],0.0,[0. 0.],11667.067159060285,9,WS-NIS
9,24.689670044287173,[3.03392857 9.75178571],102.0635966397698,[50.37125 64.47875],82.03969101330067,[47.08415476 48.4725119 ],0.0,[0. 0.],0.0,[0. 0.],1633.0175462363168,10,WS-NIS
10,,[0. 0.],,[0. 0.],,[0. 0.],,[0. 0.],,[0. 0.],,11,WS-NIS
11,,[0. 0.],,[0. 0.],,[0. 0.],,[0. 0.],,[0. 0.],,12,WS-NIS
12,269.97886815269464,[248.57987422 250.16237854],0.0,[0. 0.],16.027768986214962,[10.44637886 11.56477843],77.82492024649571,[56.13551032 59.46038651],0.0,[0. 0.],26050.531452598254,1,CD-NIS
13,269.97114073559413,[251.47809371 253.33334592],6.325376334013694,[0.033 1.287],16.855144362275745,[12.74697534 13.28457499],93.16118358419043,[77.67942648 78.81798431],0.0,[0. 0.],61488.931067109654,2,CD-NIS
14,158.08379901314785,[125.87572587 133.07487745],38.920457667331135,[31.10944497 31.14945767],59.518980225514426,[42.63265107 46.41662416],46.402853460212846,[22.42974842 23.56173827],0.0,[0. 0.],47748.76861925432,3,CD-NIS
15,125.64182156090749,[ 97.33344448 104.18109517],34.47438451934041,[27.29915811 28.13434864],147.19735846009655,[112.07576494 116.48640232],56.45316564348763,[36.06157997 36.09744575],0.0,[0. 0.],50778.732999492226,4,CD-NIS
16,13.557095212552705,[10.70456056 11.03130221],68.17998468471393,[61.91741358 61.99419661],31.08910457142659,[26.30150994 26.39645734],0.31464862262407917,[0. 0.],0.0,[0. 0.],43658.125686336236,5,CD-NIS
17,312.39386837080417,[296.09435995 296.29876258],0.0,[0. 0.],1.275427746108653,[0. 0.],0.0,[0. 0.],0.0,[0. 0.],12856.311680775221,6,CD-NIS
18,648.572215298392,[615.33954923 616.57017842],8.917937552945975,[5.2553187  5.49261078],8.478967104403226,[3.136412  4.1612944],33.39486880864572,[13.10192906 18.6798573 ],0.0,[0. 0.],11782.203364050807,7,CD-NIS
19,220.00969621634945,[183.24181548 187.90699405],0.0,[0. 0.],49.27382438691909,[38.08305556 39.12805556],47.269746151350276,[16.81103373 25.31285516],0.0,[0. 0.],6719.790262272541,8,CD-NIS
20,125.0451790965654,[104.21401696 108.61794553],0.0,[0. 0.],48.02395649191046,[26.82380952 32.7952381 ],12.73608305613166,[3.91835317 5.03799603],0.0,[0. 0.],3577.460272454817,9,CD-NIS
21,,[0. 0.],,[0. 0.],,[0. 0.],,[0. 0.],,[0. 0.],,10,CD-NIS
22,76.25771507889516,[47.15748032 52.17810976],2.3785307209563125,[0. 0.],28.698735849341247,[20.59433718 21.15863718],141.2409863519124,[108.2598601  116.69787481],0.0,[0. 0.],10800.849990918201,11,CD-NIS
23,311.30250669112957,[295.78538304 298.27428046],0.0,[0. 0.],96.49985523807864,[85.30932216 87.79723053],63.3395656462775,[51.05152623 51.32547762],0.0,[0. 0.],10102.388277905255,12,CD-NIS
24,,[0. 0.],,[0. 0.],,[0. 0.],,[0. 0.],,[0. 0.],,1,WPB-NIS
25,111.37080366975225,[70.9701229  74.24471897],381.02960191599703,[335.16941855 338.32606206],42.49892342474539,[32.63507282 33.73816847],18.31772731170552,[7.00340184 7.10919233],0.0,[0. 0.],27640.56307447691,2,WPB-NIS
26,120.61343499748588,[106.4148438  106.48285217],441.9726587120251,[422.50851236 423.63560558],62.535836991332424,[56.78466387 58.16126837],8.108783701853092,[6.16755484 6.54475061],0.0,[0. 0.],334671.9485724981,3,WPB-NIS
27,119.92382339840123,[93.94168491 96.98436778],326.71709065920555,[297.63844603 300.6165047 ],72.43763254628952,[67.02948401 68.16383596],121.76662131913301,[105.21560144 106.05675075],0.0,[0. 0.],518185.97644759226,4,WPB-NIS
28,104.21842776176497,[68.72672141 72.93956614],348.4645688650637,[314.30123332 321.1736    ],141.58696603701884,[134.86419463 136.05346842],2.5776977683322695,[1.50005466 1.78551591],0.0,[0. 0.],295319.2699426381,5,WPB-NIS
29,230.8204212406211,[189.44350363 201.4139726 ],208.4979213089392,[182.29265024 184.30177156],47.65469855166057,[43.58577908 44.00807499],0.45689595573675756,[0.04879762 0.09358333],0.0,[0. 0.],114614.79864192815,6,WPB-NIS
30,637.2248631048362,[600.24685898 600.32809975],92.05580255370009,[56.79727714 58.75821559],0.7734805899730889,[0.30780508 0.33420769],0.4442509254419095,[0. 0.],0.0,[0. 0.],47298.31008509347,7,WPB-NIS
31,780.0780801230046,[766.85761118 768.62778236],3.0039054461115677,[0. 0.],0.0,[0. 0.],0.0,[0. 0.],0.0,[0. 0.],60372.57070609361,8,WPB-NIS
32,746.2094876639736,[737.47981575 737.61926218],0.0,[0. 0.],0.0,[0. 0.],0.0,[0. 0.],0.0,[0. 0.],43440.861537741286,9,WPB-NIS
33,410.64884510993585,[400. 400.],0.0,[0. 0.],0.0,[0. 0.],0.0,[0. 0.],0.0,[0. 0.],13489.814561861393,10,WPB-NIS
34,186.7206551231887,[163.33333333 163.33333333],0.0,[0. 0.],0.0,[0. 0.],0.0,[0. 0.],0.0,[0. 0.],746.8826204927548,11,WPB-NIS
35,,[0. 0.],,[0. 0.],,[0. 0.],,[0. 0.],,[0. 0.],,12,WPB-NIS
36,,[0. 0.],,[0. 0.],,[0. 0.],,[0. 0.],,[0. 0.],,1,WS-DIS
37,7.921310966633753,[6.27188465 6.29471388],181.10149154681412,[143.60508426 151.25458902],119.43012285521587,[114.34907914 114.63017825],156.74750640921167,[135.21743928 137.88123476],39.853123148368766,[11.01602514 15.19913813],752839.395345524,2,WS-DIS
38,15.039111865455228,[10.61771303 10.71976121],179.6818149280904,[161.59235043 161.91850172],90.87076613084913,[87.73338585 87.81223882],168.2705349638709,[144.45099737 144.76737963],37.16263589713776,[25.67125606 25.75574697],830022.8102130969,3,WS-DIS
39,22.960877799133048,[8.25002108 9.83458329],132.1046428468687,[107.66975815 109.82011751],142.41974216693467,[137.77876816 137.8314466 ],157.9196235952946,[146.32827235 146.466177  ],23.866951010038335,[13.62960894 15.70084355],580512.7822124804,4,WS-DIS
40,13.844319144087493,[7.72073452 7.81190479],271.0624292633721,[253.32404998 253.74159576],118.76425915004289,[112.51831659 112.54850573],111.11644530933414,[100.33621317 101.56032009],9.304241655280155,[3.73513685 3.9812687 ],318342.91034368,5,WS-DIS
41,17.42156045837369,[13.79507656 13.93069486],284.28632291918484,[268.8652122  269.52364841],109.04522458291159,[97.83223483 98.97384732],87.82151138228184,[77.64257434 78.14241469],0.0,[0. 0.],149032.63123338768,6,WS-DIS
42,108.86496295192157,[97.72949001 97.79882046],248.71984680542673,[204.10985901 215.33881958],97.63381633733664,[89.41857918 90.46548149],83.92072917864628,[63.38848232 64.65288773],76.62884671698785,[54.02023214 54.78905357],144158.71058755033,7,WS-DIS
43,110.90260632807875,[101.53061884 104.18994734],71.82248036201531,[58.13345168 58.21949108],26.215710837665423,[17.19887919 18.20392269],140.23088726575918,[105.01270704 113.86491473],67.25422172754847,[42.20808056 44.20403056],92587.69072472096,8,WS-DIS
44,204.17463987200904,[193.80973061 194.19477738],259.7665329119495,[246.92105236 247.86199015],22.481280113416336,[19.25186489 19.25725372],59.708196155869075,[53.03650928 53.75406099],4.067294768431331,[1.22317084 1.26951021],79854.916838797,9,WS-DIS
45,63.99712929626762,[38.17298146 40.51561883],252.32749101461715,[216.0979888  217.08196957],54.74027192762044,[30.25051954 30.25866239],77.90352639655211,[43.47952579 45.11420437],0.0,[0. 0.],5260.558570722882,10,WS-DIS
46,,[0. 0.],,[0. 0.],,[0. 0.],,[0. 0.],,[0. 0.],,11,WS-DIS
47,,[0. 0.],,[0. 0.],,[0. 0.],,[0. 0.],,[0. 0.],,12,WS-DIS
48,0.0,[0. 0.],0.0,[0. 0.],34.01736589762991,[23.18674068 23.76408522],112.33992239184545,[84.50399111 85.83902052],304.1012714266317,[250.7649628  264.45259673],10698.350469892428,1,CD-DIS
49,0.6747177547640351,[0. 0.],0.0,[0. 0.],19.212064425195003,[13.59300979 15.27334746],222.18517197582597,[177.06956993 181.63732878],117.54998419540681,[91.24937466 93.00728771],43013.25686620723,2,CD-DIS
50,0.9171791788172046,[0. 0.],6.418542343128278,[2.56555599 2.76757577],26.844905832098416,[20.8651899 21.5415097],340.719270986403,[305.73617562 306.9514311 ],151.56763538154075,[117.76964896 121.26934625],49536.847447917215,3,CD-DIS
51,11.474491245500467,[4.70569296 5.35256219],14.719225206272544,[12.03096276 12.09938021],66.51762236459788,[60.68954505 61.13259506],348.1472716395824,[291.11639776 313.0132954 ],311.92815955626554,[274.5856403  277.57101315],67686.29386152471,4,CD-DIS
52,0.0,[0. 0.],8.48385975015184,[6.17304831 6.47381183],11.548081255527546,[7.7740985 7.8564821],302.98205452049626,[253.70684338 255.2702138 ],398.1349050229482,[351.26477087 357.91188297],46997.3333536092,5,CD-DIS
53,7.25683535462718,[0. 0.],0.0,[0. 0.],13.041171219915382,[7.84709475 8.3318492 ],383.7273598505697,[350.31721368 351.08145808],284.5127935283924,[245.71840023 249.05020404],18834.199374126696,6,CD-DIS
54,18.412711517825,[1.08670014 1.67658386],9.693418702041011,[6.36173287 6.69501549],63.91121024157515,[56.39360704 57.4310061 ],135.7494314383809,[ 94.84772396 104.88680409],468.05006742191347,[411.3272174  413.17943225],30451.229478704812,7,CD-DIS
55,32.484057287453716,[12.09656735 12.83055238],24.011312979913484,[13.59934741 14.690212  ],103.78218134557378,[95.60841323 95.72170364],211.70878878113356,[176.28549983 177.40562595],301.4109870070845,[258.93673129 264.94949098],19738.43341885068,8,CD-DIS
56,61.32582887310358,[30.19446429 37.58410714],0.0,[0. 0.],129.31439625108064,[109.29482428 112.5716457 ],90.37804546960304,[54.53841667 57.80777381],248.59629774318796,[209.96910714 214.22375   ],5151.369625340701,9,CD-DIS
57,,[0. 0.],,[0. 0.],,[0. 0.],,[0. 0.],,[0. 0.],,10,CD-DIS
58,9.990332388353186,[4.04249214 4.84786283],0.0,[0. 0.],110.36310232544274,[92.09165758 95.4245975 ],268.6073487167009,[232.39671781 239.26006434],123.63381537301954,[78.44468742 82.41985256],16355.827219773624,11,CD-DIS
59,34.58509141316077,[23.26749167 23.29884167],0.0,[0. 0.],79.24927224221042,[59.78789691 60.6313612 ],114.45209938952985,[75.9867653 85.3951021],140.6923673934492,[106.66964968 106.72542825],6529.338791865159,12,CD-DIS
60,0.0,[0. 0.],0.0,[0. 0.],32.707238885248266,[16.68316667 17.31016667],45.994554682380375,[40. 40.],49.0608583278724,[40. 40.],2616.5791108198614,1,WPB-DIS
61,91.94373055365418,[69.05871651 70.74443752],105.37713943050362,[84.83271739 85.51555002],29.476321676907645,[24.19674495 25.13963191],208.74654463373446,[188.59929395 190.84700557],42.45314660576075,[25.8603182  27.56082486],41861.368417234386,2,WPB-DIS
62,93.42141368968784,[79.24877996 81.81684407],156.679031329064,[134.47092747 139.59906789],36.97968030989003,[33.69610108 33.94932841],150.72136140475118,[125.39703141 126.08061799],206.50343357497582,[171.51044819 171.82912564],217762.46989204842,3,WPB-DIS
63,58.652637720148846,[41.98873501 42.63831355],157.897111888641,[136.74285513 137.54771035],60.055713614732916,[55.14485808 55.6132839 ],143.90641707136763,[129.88248226 129.9396983 ],281.2846526297677,[236.84591027 247.77799165],154069.6872736751,4,WPB-DIS
64,61.266322194456656,[41.35491366 43.5919229 ],36.90015651035918,[22.19584614 24.93039024],45.64784745350047,[39.19158659 39.23833662],118.37181251007213,[95.66436943 98.96449688],400.9355377354492,[368.00076716 373.22666045],38455.786746476086,5,WPB-DIS
65,43.09053090084898,[17.2228065  19.10388712],20.883052113631297,[12.44284295 12.82950973],44.8430080976601,[36.6738543  37.35214088],104.05960281669894,[82.73397204 85.02163824],299.1122595347066,[266.45817607 269.98833468],19970.114855984564,6,WPB-DIS
66,20.599687531102404,[20. 20.],0.0,[0. 0.],0.0,[0. 0.],41.19937506220481,[40. 40.],0.0,[0. 0.],185.39718777992164,7,WPB-DIS
67,0.0,[0. 0.],0.0,[0. 0.],56.5303699558397,[41.49693169 41.67996078],129.4189102585518,[94.90076519 96.2157009 ],194.66342573310726,[166.39555556 171.17269841],6678.403938601565,8,WPB-DIS
68,220.8261203008444,[182.08170141 187.56759837],23.099560018283018,[7.68351786 9.228625  ],15.402206716249301,[ 9.35200438 10.5597392 ],134.82974621058756,[107.371709   107.60462841],224.67932883754136,[198.28695421 199.13443773],15220.93405873488,9,WPB-DIS
69,272.7698079692669,[235.44302433 243.25923646],67.25173627087361,[51.76791733 53.42246974],0.5879008644066135,[0.001875 0.073125],70.2760847688271,[57.26558542 57.26878476],0.0,[0. 0.],28103.0832184012,10,WPB-DIS
70,103.95506235165762,[81.85490817 82.65887875],10.681924489102897,[0. 0.],17.000767278989354,[12.54698208 12.73655655],348.9529628306953,[306.94006318 310.92950436],322.9558083602707,[282.49981868 289.38303846],6309.011651376399,11,WPB-DIS
71,,[0. 0.],,[0. 0.],,[0. 0.],,[0. 0.],,[0. 0.],,12,WPB-DIS
72,,[0. 0.],,[0. 0.],,[0. 0.],,[0. 0.],,[0. 0.],,1,EPB-NIS
73,153.62051418288237,[111.7487833  117.01196054],173.19015816223023,[148.66370429 149.75626934],41.10534587833695,[29.61638492 33.45197895],44.68287730197442,[34.01822983 34.35681229],0.0,[0. 0.],89148.14834425172,2,EPB-NIS
74,219.00047711941662,[176.90102404 179.56730538],144.10619019936277,[122.35696923 124.78937265],93.81579761970902,[82.93133491 83.1450004 ],51.41988434167312,[46.55635059 46.92251028],0.0,[0. 0.],580994.832980744,3,EPB-NIS
75,145.06743545972245,[116.54466233 119.96537495],90.38297836591732,[69.24958953 69.72178964],124.30259709046514,[114.31407515 115.42453328],76.85382557557429,[58.91387974 59.52987059],0.0,[0. 0.],384660.6482461843,4,EPB-NIS
76,125.95504828359144,[ 94.6215973  105.66425838],56.62410814505349,[36.71019142 37.91692686],140.50127147680482,[127.19943914 128.06105419],90.63260158272179,[74.29950772 77.66954418],0.0,[0. 0.],182476.99461409534,5,EPB-NIS
77,120.46278292016892,[84.37217064 91.18946972],3.89906639052157,[1.35683485 1.35683485],180.5438967611324,[165.35853737 169.14070783],104.36995633413565,[88.580192   89.60763449],0.0,[0. 0.],66122.22732089508,6,EPB-NIS
78,117.84659177183433,[85.65214851 96.96021105],1.3049269987491336,[0. 0.],120.3106467242991,[103.72115572 103.76807433],73.42197571167758,[39.84911439 45.76335715],0.0,[0. 0.],33226.26594193517,7,EPB-NIS
79,17.372459848467688,[10.00391493 11.88282607],6.3281459146214685,[2.70805698 3.68515797],79.02241900664526,[68.56212496 69.06571847],0.0,[0. 0.],0.0,[0. 0.],25381.652408415343,8,EPB-NIS
80,214.55788047174477,[179.84481485 182.15354206],0.0,[0. 0.],39.296614967864926,[22.83571795 25.69476491],0.0,[0. 0.],0.0,[0. 0.],5004.988327512342,9,EPB-NIS
81,0.0,[0. 0.],621.1921524996702,[601.86626465 602.61866465],0.8142467723341479,[0. 0.],0.0,[0. 0.],0.0,[0. 0.],5048.329988471716,10,EPB-NIS
82,81.85626899434105,[51.37714986 63.58991936],617.9161833608963,[590.78642005 594.65795886],0.0,[0. 0.],21.888590129068614,[13.3923174  16.26076751],0.0,[0. 0.],17265.140308328475,11,EPB-NIS
83,265.4169709290241,[246.80554267 250.1858905 ],134.90638141697326,[125. 125.],0.0,[0. 0.],130.76120586133726,[115.93170514 116.46220477],0.0,[0. 0.],7858.818801058108,12,EPB-NIS
84,0.0,[0. 0.],0.050771858745109505,[0. 0.],77.55703696940392,[55.42915075 56.41697073],86.08864815050406,[67.2547394  69.04450929],0.0,[0. 0.],26353.64100023654,1,AC-NIS
85,121.01325548458291,[93.90432015 97.87773707],6.831629847170774,[3.27239212 3.29598082],10.208470555596127,[6.37372717 6.7879986 ],95.25094383989338,[72.22447036 73.73302832],0.0,[0. 0.],76668.7036347768,2,AC-NIS
86,193.32900418482265,[161.51158024 162.35454584],21.229597697574228,[9.65372173 9.81980479],48.76203044890512,[42.98532573 43.47057098],87.16583699309032,[76.60351568 78.80005109],0.0,[0. 0.],297119.52446508064,3,AC-NIS
87,53.54834815490648,[32.90274106 36.5115386 ],49.570156076862325,[40.34322083 40.38296339],46.207955438558244,[41.35340164 41.60444516],69.99706428977825,[60.45123116 61.28636823],0.0,[0. 0.],269230.729909885,4,AC-NIS
88,60.054290662269764,[48.15914883 49.40142367],4.249302008662635,[2.80494368 2.85846357],43.547249594182276,[40.41319768 41.29519297],117.38527217358615,[ 98.76818163 100.34941475],0.0,[0. 0.],209745.7462453866,5,AC-NIS
89,92.581575940332,[77.17804592 78.47264984],25.704096821713687,[20.93436504 21.30541865],9.469651695299707,[8.04914915 8.24412619],54.652907001600965,[49.67997139 50.94416247],0.0,[0. 0.],152189.592499418,6,AC-NIS
90,114.77197448263027,[97.36454953 97.4341286 ],41.00475835919167,[32.49783999 33.54829162],4.284302110956752,[2.08720483 2.18613289],51.80293585242556,[43.45454728 43.64935142],0.0,[0. 0.],114090.358030511,7,AC-NIS
91,284.6668364518364,[257.20865112 265.07782364],7.949971675598849,[2.22746032 2.42650794],0.18071536664842394,[0.06519967 0.06519967],18.41136542995757,[16.5891786  16.76958924],0.0,[0. 0.],87848.46688696831,8,AC-NIS
92,104.79730600440362,[86.93848257 88.0303027 ],16.580269323982193,[7.86303571 8.08696429],1.1596945205148008,[0.50120647 0.6415796 ],68.4417451388423,[58.59015076 59.23086637],0.0,[0. 0.],26441.007680117786,9,AC-NIS
93,0.0,[0. 0.],0.0,[0. 0.],0.0,[0. 0.],80.44079172630961,[64.32485698 66.91604272],0.0,[0. 0.],8202.66945040309,10,AC-NIS
94,148.0482755949412,[130.78331931 133.28383486],235.81344168631898,[215.34382379 215.94352411],5.241019697200009,[4.06021914 4.29624577],6.520709372757825,[1.98978357 2.00876657],0.0,[0. 0.],81933.62709441027,11,AC-NIS
95,187.30979469838246,[162.13784845 165.56719544],91.51340188233985,[78.1720658  78.34695016],6.162807216718068,[5.12986919 5.18451532],55.93420078361997,[48.65598163 48.81728656],0.0,[0. 0.],100242.82477696493,12,AC-NIS
96,262.2459972266026,[225.50283601 231.01588664],67.22063435599054,[39.10223911 43.71315538],4.852872971429196,[3.85083518 3.88079394],53.88934801324555,[49.02637461 49.24304466],0.0,[0. 0.],105834.79107298105,1,RS-NIS
97,333.01939653003194,[286.61803636 294.99293509],196.54311990211906,[146.84142338 161.30344234],3.171140327535606,[2.80084233 2.84308366],61.313832078918814,[58.01925502 59.00926171],0.0,[0. 0.],1105520.6347697077,2,RS-NIS
98,322.3037896117391,[283.59432439 286.37521161],238.59506999233685,[192.68858111 198.09431808],31.562843436146405,[29.28725467 29.92412974],80.47491183228377,[70.60599165 71.26538993],0.0,[0. 0.],1163093.3603262,3,RS-NIS
99,491.5857750702896,[448.68654507 452.39582029],134.61231562867525,[101.80766621 102.82631507],31.746490803984358,[29.59893559 29.92436266],56.31712984760563,[52.0620085  52.69718232],0.0,[0. 0.],684165.772709511,4,RS-NIS
100,501.2885389268794,[466.80849748 470.88642203],285.71780362139276,[255.65796386 258.01345142],7.371977029495765,[6.48226506 6.75123727],36.59839839852851,[33.06757106 34.29955298],0.0,[0. 0.],544037.1471663034,5,RS-NIS
101,443.18637268084075,[412.45804587 412.52854026],136.7700075017906,[110.73086006 116.49297909],2.8277440218826833,[2.34806548 2.35131942],1.9402366885451157,[1.62894949 1.63352683],0.0,[0. 0.],373025.59156578267,6,RS-NIS
102,482.50642820618236,[447.94125072 449.96160082],157.06733851540142,[135.0126275  136.53368199],0.03531890091037256,[0.00017104 0.0066707 ],1.1862714046800393,[0.86931461 0.87890417],0.0,[0. 0.],282291.5851061685,7,RS-NIS
103,446.36537518464786,[417.49606303 422.03552623],139.87037469104683,[134.64242009 134.78975951],0.2790968058172225,[0.09216839 0.10607184],0.1387162429324663,[0.03864193 0.04570503],0.0,[0. 0.],243554.6387211911,8,RS-NIS
104,466.0036174701586,[441.51634477 444.71753091],328.2586756884517,[299.47371627 308.70775493],0.15019732361642246,[0.04347237 0.04669732],0.2822089669478099,[0.12548165 0.13597249],0.0,[0. 0.],196766.685993334,9,RS-NIS
105,146.31254650944624,[129.83676485 130.4964761 ],452.5698391017315,[409.17412246 413.5832156 ],0.05307584533217039,[0. 0.],0.7874076046811866,[0.28838121 0.289926  ],0.0,[0. 0.],104670.18459358392,10,RS-NIS
106,44.235615429249485,[25.46378846 25.62892234],308.9811504549299,[273.46788653 274.87315902],0.0,[0. 0.],0.0,[0. 0.],0.0,[0. 0.],23699.15665412848,11,RS-NIS
107,,[0. 0.],,[0. 0.],,[0. 0.],,[0. 0.],,[0. 0.],,12,RS-NIS
108,,[0. 0.],,[0. 0.],,[0. 0.],,[0. 0.],,[0. 0.],,1,EPB-DIS
109,89.83372546512672,[76.86943892 77.7481257 ],47.05148623388065,[30.2602242  30.97622931],77.35327017745853,[70.28560227 71.95871881],90.27126170695114,[72.85745483 77.66047634],313.8754858494942,[276.15195833 277.08323775],94943.64151934502,2,EPB-DIS
110,111.2338357234806,[100.00666729 100.9525759 ],58.05052459029139,[47.19518277 48.27144342],62.89627175751333,[59.61262668 59.74987452],122.54780850000296,[111.72264901 112.32876465],385.58577570104814,[328.57524908 352.25654058],363538.0457343005,3,EPB-DIS
111,43.238844661866494,[32.57012026 36.80324636],9.224576288809226,[4.50390449 4.77433582],97.22642868192338,[89.82816893 91.94865928],267.8936425291139,[251.70562351 252.67256839],375.43083353897134,[339.83751527 344.13906628],261746.30519266802,4,EPB-DIS
112,16.640493273247472,[9.37802999 9.96713751],5.6002386111407345,[0.75755736 2.20576294],129.8359303201716,[117.4482719  119.35405854],339.64764925505136,[291.71826837 302.20324788],156.54374241208458,[124.02343676 129.8515446 ],151626.02777571406,5,EPB-DIS
113,109.70779503216507,[100.055 102.145],0.0,[0. 0.],168.87500974822655,[141.00289248 145.85495899],75.90305443980154,[55.43734948 58.19380989],51.38776718028369,[40.055 42.145],11419.150491608834,6,EPB-DIS
114,65.23891608919743,[36.53987914 43.76333336],0.0,[0. 0.],234.06406566325956,[209.75602817 212.17921437],119.0677688906291,[78.89154119 83.29083991],288.9360119740108,[264.06896409 264.64783237],30544.965555656196,7,EPB-DIS
115,110.87143186387641,[93.88890766 96.58383127],0.0,[0. 0.],68.91880471224052,[51.18244989 52.7074463 ],0.0,[0. 0.],0.0,[0. 0.],11488.977248356923,8,EPB-DIS
116,320.35701439074273,[295.28639666 297.83054073],0.0,[0. 0.],0.5140890389219844,[0.06971088 0.13369048],4.035017406851014,[0. 0.],9.078789165414783,[0. 0.],30363.505986553882,9,EPB-DIS
117,38.069119301564555,[17.56181134 17.97545718],151.2807183473984,[120.39457256 125.87225432],40.92684695827832,[29.69923719 29.94634315],196.97264506378528,[152.83695836 167.6193542 ],30.71817005037842,[20.04125 21.60875],8554.342572724947,10,EPB-DIS
118,98.89359016402994,[63.0208702  69.29179328],0.0,[0. 0.],1.9681807165294642,[0. 0.],142.16459646143073,[106.3953758  109.44428259],0.0,[0. 0.],3913.1730970308513,11,EPB-DIS
119,,[0. 0.],,[0. 0.],,[0. 0.],,[0. 0.],,[0. 0.],,12,EPB-DIS
120,,[0. 0.],,[0. 0.],,[0. 0.],,[0. 0.],,[0. 0.],,1,AC-DIS
121,0.0,[0. 0.],0.0,[0. 0.],5.023795602058591,[0. 0.],0.0,[0. 0.],174.15824753803116,[160. 160.],1024.8543028199526,2,AC-DIS
122,0.0,[0. 0.],0.0,[0. 0.],8.041115934320807,[4.93030471 4.95835169],265.1310042494477,[226.17280761 228.14784856],534.9563602472539,[484.43781807 492.75276421],40893.51399090453,3,AC-DIS
123,0.0,[0. 0.],10.464863958131723,[1.05214682 1.90807788],3.6218706923828967,[0.3541537 0.9306385],46.929076943454845,[33.95869697 35.54962892],589.0496176973244,[560.17453534 561.90060392],16612.192881007253,4,AC-DIS
124,0.0,[0. 0.],0.0,[0. 0.],51.84276432356077,[36.51386174 37.16685512],111.52510542272461,[90.27099402 91.99551128],253.0626020079338,[213.71485786 220.53191776],7377.749284691019,5,AC-DIS
125,0.0,[0. 0.],0.0,[0. 0.],0.0,[0. 0.],47.9571458642383,[40. 40.],125.88750789362552,[120. 120.],1233.183750794699,6,AC-DIS
126,0.0,[0. 0.],0.0,[0. 0.],208.5580504209417,[200. 200.],0.0,[0. 0.],0.0,[0. 0.],1251.34830252565,7,AC-DIS
127,0.0,[0. 0.],0.0,[0. 0.],21.872633112769922,[ 9.03770133 11.00256478],107.76057821573886,[80.07739769 80.52566934],325.27098419745164,[288.83921297 289.73693856],10894.43714782094,8,AC-DIS
128,,[0. 0.],,[0. 0.],,[0. 0.],,[0. 0.],,[0. 0.],,9,AC-DIS
129,,[0. 0.],,[0. 0.],,[0. 0.],,[0. 0.],,[0. 0.],,10,AC-DIS
130,,[0. 0.],,[0. 0.],,[0. 0.],,[0. 0.],,[0. 0.],,11,AC-DIS
131,27.721722136358295,[ 9.21386584 13.72172024],0.0,[0. 0.],20.180869339441816,[12.23273695 13.3522319 ],51.73274390682432,[35.76488811 35.92114816],0.0,[0. 0.],8480.773378037053,12,AC-DIS
132,,[0. 0.],,[0. 0.],,[0. 0.],,[0. 0.],,[0. 0.],,1,RS-DIS
133,113.37622001608072,[70.99361674 74.23981712],270.68137573006453,[238.78984377 246.33952892],11.898805282777085,[6.6841327  7.29993527],37.55576413643022,[28.47704976 28.97268511],51.16045125023718,[31.86099483 33.8223429 ],27638.30674341044,2,RS-DIS
134,197.81257200982446,[179.54167779 181.21317725],157.48698604029155,[126.89554665 131.24225852],16.576194590705743,[15.23499748 15.45915892],62.404159145724435,[55.94565723 56.6437188 ],12.115338210786305,[2.42382178 3.22120114],226888.59746623994,3,RS-DIS
135,211.3215893242849,[190.51919241 191.87892276],149.37907887544677,[128.21180743 132.67741848],34.44268334919212,[31.68151679 32.05894843],52.447835480537364,[47.69001707 48.16195104],0.0,[0. 0.],272034.4480081865,4,RS-DIS
136,300.82898061219623,[271.95007189 278.14672523],94.10083800807223,[76.82743709 80.28761391],16.135541170966725,[14.77960896 14.80999821],52.311452494509794,[47.68546325 48.54961965],0.0,[0. 0.],194859.27161412,5,RS-DIS
137,296.191956451543,[271.41261536 272.27885724],219.5819949122815,[188.79339681 192.11651142],15.286446009807376,[13.60474489 13.65075145],38.78695945898064,[33.45708609 34.30594275],0.0,[0. 0.],108208.38887436554,6,RS-DIS
138,311.043556904327,[280.87334057 282.79002184],345.9961488215632,[311.3317904  312.95149229],0.7167177110342533,[0.28464503 0.32616821],14.771128710927437,[10.03142184 10.802271  ],0.0,[0. 0.],37074.45525133629,7,RS-DIS
139,91.24182350070014,[55.92996331 66.21900148],139.63584995765987,[118.9135675 122.6460492],0.1390476955626028,[0. 0.],0.0,[0. 0.],0.0,[0. 0.],11953.652292125838,8,RS-DIS
140,57.105363263326275,[43.26971838 45.77030937],43.55166748318551,[34.39749611 36.18825976],0.0,[0. 0.],0.10699872569970034,[0. 0.],0.0,[0. 0.],38141.942748897876,9,RS-DIS
141,50.1529532724908,[37.52603569 39.26808345],7.0582492190624375,[3.6962515  4.44087843],0.0,[0. 0.],0.0,[0. 0.],0.0,[0. 0.],33608.00440495061,10,RS-DIS
142,153.66572734709223,[131.58138889 138.89638889],63.84344031216207,[49.39342361 50.62129861],0.0,[0. 0.],0.0,[0. 0.],0.0,[0. 0.],3423.0950975882643,11,RS-DIS
143,,[0. 0.],,[0. 0.],,[0. 0.],,[0. 0.],,[0. 0.],,12,RS-DIS
144,0.0,[0. 0.],24.217287710290933,[16.24286276 18.01897139],67.93225007472938,[57.26056141 58.91099843],17.45614065195524,[0.90909091 0.90909091],0.0,[0. 0.],58025.74053211984,1,PMC-NIS
145,0.6617551265924988,[0.08032129 0.08032129],18.81722542949254,[15.58941086 15.82710121],183.2299176776267,[162.39703348 162.91753756],229.32336404948595,[186.79013659 193.79857057],114.21943401769605,[99.3409035  99.36076175],126674.58609788044,2,PMC-NIS
146,1.6727394824603312,[0.4174579  0.55465972],35.6910387151889,[28.78918406 29.26044418],176.61709597471958,[150.67603668 151.02944878],196.0735572288488,[163.0134824  163.64096094],20.151746380566035,[20. 20.],195733.9125944379,3,PMC-NIS
147,0.10895075213641447,[0. 0.],32.30008070742623,[28.3143338  28.35248557],167.00559453373955,[150.69918849 151.21599551],234.20889943340615,[202.07341896 206.36211194],70.79756062264383,[45.0061875 45.2413125],124523.0831392722,4,PMC-NIS
148,0.0,[0. 0.],45.24623559396858,[39.30782792 40.91362422],89.77491619401566,[67.2835802  68.54277204],91.25235501741912,[68.10036704 69.2628532 ],54.298488805717746,[25.82803371 31.67533708],91145.68530811371,5,PMC-NIS
149,0.0,[0. 0.],76.04440979361301,[64.30112951 65.16653827],73.43300665722556,[49.42656966 53.62361036],109.08940477323524,[72.9620889  80.56908628],11.778372502444132,[0. 0.],36849.47968621807,6,PMC-NIS
150,0.0,[0. 0.],92.22249198135478,[84.33757658 84.86299425],188.68669740956477,[170.48283242 170.99470302],93.92742538678569,[80. 80.],60.38191632007651,[60. 60.],37316.02428580729,7,PMC-NIS
151,0.0,[0. 0.],174.6228963882922,[154.44573027 156.49719304],380.7122769495955,[348.52294174 348.5995696 ],150.03380987652068,[116.45595763 122.82996656],25.895885404002797,[20. 20.],29609.130189324595,8,PMC-NIS
152,0.0,[0. 0.],91.4821904149147,[78.06121107 80.02305378],515.2142451170895,[490.28517402 491.52120491],42.47599665604803,[26.02137695 26.22233849],50.301720301078575,[40. 40.],29979.825299442833,9,PMC-NIS
153,0.0,[0. 0.],55.65216273182703,[42.39695614 43.24151521],558.8311658834092,[516.92761578 521.86028576],99.41176888420566,[76.4543895 81.3469557],42.830791109487066,[40. 40.],32102.69771730126,10,PMC-NIS
154,0.0,[0. 0.],199.09655286389696,[175.10346857 179.98677236],0.0,[0. 0.],0.0,[0. 0.],0.0,[0. 0.],10143.49567252602,11,PMC-NIS
155,0.0,[0. 0.],84.86133045206951,[69.04406393 70.3968058 ],99.82770524956146,[80.02845672 83.34595667],0.0,[0. 0.],0.0,[0. 0.],47625.312175686355,12,PMC-NIS
156,,[0. 0.],,[0. 0.],,[0. 0.],,[0. 0.],,[0. 0.],,1,PHC-NIS
157,,[0. 0.],,[0. 0.],,[0. 0.],,[0. 0.],,[0. 0.],,2,PHC-NIS
158,0.0,[0. 0.],0.0,[0. 0.],32.77075775757272,[19.17073762 20.21981729],39.22941929619557,[13.52475 14.46525],282.6750340718343,[269.36633333 270.62033333],7424.597355090304,3,PHC-NIS
159,0.0,[0. 0.],0.09611777592027755,[0. 0.],26.568678175998073,[21.18572604 21.59089794],49.467456886180734,[31.81294887 32.24335303],458.61958262827477,[414.46821657 425.95495554],77590.11343388484,4,PHC-NIS
160,0.0,[0. 0.],0.0,[0. 0.],17.830877155663554,[11.56548386 11.85237081],45.41207040465673,[31.19135118 34.29544417],266.2426722097411,[237.85283947 240.58155457],58903.79744919131,5,PHC-NIS
161,0.0,[0. 0.],0.0,[0. 0.],5.649564381378944,[0.01455882 0.56779412],48.78553034972387,[29.61663696 32.00847992],425.52996726491835,[396.48365364 396.86973401],11750.905650747285,6,PHC-NIS
162,0.0,[0. 0.],0.0,[0. 0.],7.1923929403938285,[0.0225 0.8775],61.258241244233545,[42.08831405 42.20758423],285.3007151403403,[272.5377422 272.6304023],7060.29603343223,7,PHC-NIS
163,,[0. 0.],,[0. 0.],,[0. 0.],,[0. 0.],,[0. 0.],,8,PHC-NIS
164,,[0. 0.],,[0. 0.],,[0. 0.],,[0. 0.],,[0. 0.],,9,PHC-NIS
165,,[0. 0.],,[0. 0.],,[0. 0.],,[0. 0.],,[0. 0.],,10,PHC-NIS
166,,[0. 0.],,[0. 0.],,[0. 0.],,[0. 0.],,[0. 0.],,11,PHC-NIS
167,,[0. 0.],,[0. 0.],,[0. 0.],,[0. 0.],,[0. 0.],,12,PHC-NIS
168,,[0. 0.],,[0. 0.],,[0. 0.],,[0. 0.],,[0. 0.],,1,LAC-NIS
169,,[0. 0.],,[0. 0.],,[0. 0.],,[0. 0.],,[0. 0.],,2,LAC-NIS
170,53.99147492948034,[30.92270833 34.31895833],0.0,[0. 0.],148.68831226333225,[133.48633378 133.54277496],111.67563104584742,[84.32590278 86.15465278],171.2620774706107,[160.0495 161.9305],4612.494500711254,3,LAC-NIS
171,1.7088188129506938,[0. 0.],20.814201064962315,[12.9706359  13.08797321],101.22304903061061,[75.53324151 80.5723814 ],136.6190200400285,[117.00454283 117.41432133],142.70136052009303,[140. 140.],14351.679686592213,4,LAC-NIS
172,10.122909608294869,[0. 0.],23.408052132324116,[8.62842761 9.19950152],101.66491812331788,[89.38366986 90.15172974],163.36299403836443,[125.03690555 131.67049383],114.72630889400851,[100. 100.],38467.0565115205,5,LAC-NIS
173,0.0,[0. 0.],2.8056727930117433,[0. 0.],128.09858764897672,[109.66278702 110.30527041],83.6405340893107,[63.80154264 69.65338516],0.0,[0. 0.],31311.30837001106,6,LAC-NIS
174,0.0,[0. 0.],0.0,[0. 0.],207.70651195844854,[183.48510892 187.26655302],55.636496395065436,[33.02982639 38.38545139],0.0,[0. 0.],28116.841195117315,7,LAC-NIS
175,0.0,[0. 0.],0.0,[0. 0.],475.734872508173,[456.22288584 457.91158207],128.5631453355807,[101.54471476 103.22735856],0.0,[0. 0.],35260.22104895251,8,LAC-NIS
176,0.0,[0. 0.],7.041247865667787,[2.76959323 3.51280444],420.9682037769618,[400.26611335 402.10980309],0.0,[0. 0.],148.66296079844574,[140. 140.],43787.999362451286,9,LAC-NIS
177,3.3628968569121405,[0. 0.],0.0,[0. 0.],399.7941041443652,[372.14910461 373.96572948],141.12957142841282,[113.26979167 117.18854167],121.7368662202195,[100. 100.],30124.830044218954,10,LAC-NIS
178,0.0,[0. 0.],0.0,[0. 0.],347.8097303874174,[312.52849912 321.62766939],148.81407166818803,[126.74916667 129.88416667],40.585655909505824,[40. 40.],4220.908214588606,11,LAC-NIS
179,,[0. 0.],,[0. 0.],,[0. 0.],,[0. 0.],,[0. 0.],,12,LAC-NIS
180,,[0. 0.],,[0. 0.],,[0. 0.],,[0. 0.],,[0. 0.],,1,PMC-DIS
181,0.0,[0. 0.],0.0,[0. 0.],137.16039125878328,[113.40336797 113.76165368],93.93816700964634,[80. 80.],135.60005938628163,[101.59795094 104.96366522],2818.14501028939,2,PMC-DIS
182,,[0. 0.],,[0. 0.],,[0. 0.],,[0. 0.],,[0. 0.],,3,PMC-DIS
183,0.0,[0. 0.],1.2949402404733477,[0. 0.],43.03258342612226,[30.75049837 32.40383059],153.09503376111155,[120.89962869 124.5490818 ],137.13430062390688,[113.12719849 117.08193674],9841.545827597442,4,PMC-DIS
184,0.0,[0. 0.],0.0,[0. 0.],74.56216793052559,[48.5112282  50.70215701],191.85138536931322,[153.75970889 160.51892318],68.2528621170486,[49.4417619  53.56204762],7505.52990984551,5,PMC-DIS
185,0.0,[0. 0.],24.54964597447043,[12.85714286 12.85714286],178.96754702207292,[139.73266667 142.24066667],0.0,[0. 0.],0.0,[0. 0.],1793.1915320482751,6,PMC-DIS
186,,[0. 0.],,[0. 0.],,[0. 0.],,[0. 0.],,[0. 0.],,7,PMC-DIS
187,0.0,[0. 0.],0.0,[0. 0.],146.54427067280042,[118.77716721 121.41341721],148.10079136728194,[113.70770094 118.52962951],131.36582226904255,[100.61580069 103.39862211],3782.673667483431,8,PMC-DIS
188,,[0. 0.],,[0. 0.],,[0. 0.],,[0. 0.],,[0. 0.],,9,PMC-DIS
189,,[0. 0.],,[0. 0.],,[0. 0.],,[0. 0.],,[0. 0.],,10,PMC-DIS
190,,[0. 0.],,[0. 0.],,[0. 0.],,[0. 0.],,[0. 0.],,11,PMC-DIS
191,,[0. 0.],,[0. 0.],,[0. 0.],,[0. 0.],,[0. 0.],,12,PMC-DIS
192,,[0. 0.],,[0. 0.],,[0. 0.],,[0. 0.],,[0. 0.],,1,PHC-DIS
193,,[0. 0.],,[0. 0.],,[0. 0.],,[0. 0.],,[0. 0.],,2,PHC-DIS
194,0.0,[0. 0.],0.0,[0. 0.],6.117490753349984,[1.57615655 2.91518726],10.840270111687175,[3.30778638 4.29778638],456.5807512428687,[435.45377795 438.08937795],13269.365667380354,3,PHC-DIS
195,0.0,[0. 0.],0.0,[0. 0.],25.004228936548458,[12.93957386 16.74987048],19.695885585212544,[ 9.70294503 11.31758846],557.459620830915,[538.70794498 540.09296326],52200.99869275564,4,PHC-DIS
196,0.0,[0. 0.],0.0,[0. 0.],8.72814677676125,[5.05648905 5.83503398],36.11714175193619,[28.36804537 29.30576444],686.6289262164785,[667.58092056 670.1366589 ],68596.29908158773,5,PHC-DIS
197,0.0,[0. 0.],0.0,[0. 0.],5.42141645590285,[1.79564516 1.99790323],76.07900335512974,[54.43531702 55.68368318],869.4651532292983,[834.60160106 836.11219549],31777.605112438912,6,PHC-DIS
198,0.0,[0. 0.],0.0,[0. 0.],44.04387423568277,[30.23322222 30.65122222],98.26455274551951,[73.02475 73.96525],230.89667402342783,[212.0495 213.9305],2882.8717681537814,7,PHC-DIS
199,,[0. 0.],,[0. 0.],,[0. 0.],,[0. 0.],,[0. 0.],,8,PHC-DIS
200,,[0. 0.],,[0. 0.],,[0. 0.],,[0. 0.],,[0. 0.],,9,PHC-DIS
201,,[0. 0.],,[0. 0.],,[0. 0.],,[0. 0.],,[0. 0.],,10,PHC-DIS
202,,[0. 0.],,[0. 0.],,[0. 0.],,[0. 0.],,[0. 0.],,11,PHC-DIS
203,,[0. 0.],,[0. 0.],,[0. 0.],,[0. 0.],,[0. 0.],,12,PHC-DIS
204,,[0. 0.],,[0. 0.],,[0. 0.],,[0. 0.],,[0. 0.],,1,LAC-DIS
205,,[0. 0.],,[0. 0.],,[0. 0.],,[0. 0.],,[0. 0.],,2,LAC-DIS
206,5.860666606063633,[0. 0.],0.0,[0. 0.],78.63298207377463,[64.18983967 67.01258593],264.5172253768811,[239.05579495 240.01440183],374.2382130026693,[351.5358135  355.27958879],19529.56206959233,3,LAC-DIS
207,0.0,[0. 0.],0.0,[0. 0.],91.83479160265838,[77.88449604 79.11505463],330.76160520286123,[295.80458061 296.81457915],375.38426461254596,[347.86816635 348.64152863],22700.10441029828,4,LAC-DIS
208,0.0,[0. 0.],0.0,[0. 0.],48.661200202075854,[40. 40.],83.41920034641575,[80. 80.],0.0,[0. 0.],417.0960017320788,5,LAC-DIS
209,,[0. 0.],,[0. 0.],,[0. 0.],,[0. 0.],,[0. 0.],,6,LAC-DIS
210,0.0,[0. 0.],0.0,[0. 0.],360.7538589651238,[324.7142197 325.3697197],107.69825515642499,[86.70791667 88.27541667],187.37470724707168,[170. 170.],4132.371921989473,7,LAC-DIS
211,0.0,[0. 0.],0.0,[0. 0.],0.0,[0. 0.],0.0,[0. 0.],141.7685954634937,[140. 140.],222.77922144263297,8,LAC-DIS
212,0.0,[0. 0.],0.0,[0. 0.],193.43773431439107,[160.0825 163.2175],40.02160020297746,[40. 40.],80.04320040595492,[80. 80.],680.3672034506168,9,LAC-DIS
213,0.0,[0. 0.],0.0,[0. 0.],232.38498950421058,[194.05017857 206.81410714],61.21787304522379,[30. 30.],71.42085188609443,[60. 60.],1550.852783812336,10,LAC-DIS
214,0.0,[0. 0.],0.0,[0. 0.],70.5023693061872,[50.0825 53.2175],24.84369204122787,[4. 4.],130.59724600050868,[100.099 103.861],966.8896361991389,11,LAC-DIS
215,,[0. 0.],,[0. 0.],,[0. 0.],,[0. 0.],,[0. 0.],,12,LAC-DIS
216,,[0. 0.],,[0. 0.],,[0. 0.],,[0. 0.],,[0. 0.],,1,KC-NIS
217,10.024480341548303,[0. 0.],9.367047304899447,[2.61272835 2.9048091 ],83.39250863650904,[63.0805693  65.29814157],320.27201949185996,[277.58269317 291.63531098],58.65280668259382,[34.56211124 34.62449767],16981.469698582827,2,KC-NIS
218,1.4072988885312663,[0.14023581 0.1545113 ],6.493802147961802,[3.69632851 4.22810173],54.30579984209121,[49.60137116 50.40481162],640.3931157281031,[607.0523049  608.64757002],5.408858370660354,[3.52038337 3.53584936],365442.980179603,3,KC-NIS
219,0.0,[0. 0.],6.733908395626819,[4.82816433 5.37942248],88.45623053965089,[83.68951064 83.98535728],453.1987232031558,[427.27884689 429.525376  ],3.7722600388634353,[2.69820109 2.77610956],423678.34610031755,4,KC-NIS
220,0.12194263158468341,[0. 0.],53.16176856882034,[45.91719936 47.43113408],162.91108390738952,[156.19392881 156.40435553],362.6068623198009,[320.59416816 321.39338866],39.50479874797377,[27.57500285 27.80611198],295104.5917564588,5,KC-NIS
221,0.0,[0. 0.],64.26122278847666,[55.17254804 57.38490665],332.8880139771858,[311.25703194 313.27787685],420.9031226075483,[367.8002889  374.72905233],33.373739602166864,[20.92049846 21.46607367],106495.61281180657,6,KC-NIS
222,0.0,[0. 0.],238.9232722901885,[213.10598571 213.8763    ],185.61810008765804,[150.23832619 152.05662619],110.27668617933494,[100. 100.],25.062883222576122,[0.12375 4.82625],3709.306716941266,7,KC-NIS
223,,[0. 0.],,[0. 0.],,[0. 0.],,[0. 0.],,[0. 0.],,8,KC-NIS
224,0.6173500870674359,[0. 0.],12.90261681970941,[0. 0.],27.726855637569074,[20.98878267 21.06937333],279.0287190072717,[237.84543135 248.52058891],14.71934810532182,[8.2521576  8.31721731],34531.47712011703,9,KC-NIS
225,0.0,[0. 0.],18.09484499186459,[0.64367591 0.95203657],120.97123664537843,[108.12007926 109.70670329],200.8866345909901,[171.32379149 172.00887603],0.0,[0. 0.],54073.13476299233,10,KC-NIS
226,0.0,[0. 0.],0.0,[0. 0.],135.6785346657331,[110.84006347 111.22892905],106.06614193964214,[74.89216956 87.36267442],83.58428905375425,[46.68316667 47.31016667],9031.180500198327,11,KC-NIS
227,,[0. 0.],,[0. 0.],,[0. 0.],,[0. 0.],,[0. 0.],,12,KC-NIS
228,0.0,[0. 0.],0.0,[0. 0.],0.0,[0. 0.],0.0,[0. 0.],201.6403533073399,[188. 188.],1646.0437004680807,1,AS-NIS
229,0.0,[0. 0.],0.0,[0. 0.],0.0,[0. 0.],0.0,[0. 0.],499.73826288398016,[483.08249221 483.57495846],121680.43890388301,2,AS-NIS
230,0.0,[0. 0.],1.5018058658631155,[1.09291408 1.096003  ],0.046599145436857,[0. 0.],0.0,[0. 0.],571.2124274360465,[554.22224898 556.13774143],378168.8409124518,3,AS-NIS
231,0.0,[0. 0.],0.24680066181893132,[0.09687325 0.13631535],0.4956624465144758,[0.22059871 0.22086948],0.07863235690767088,[0. 0.],546.6202890799149,[534.68361224 535.73349252],333452.3043205145,4,AS-NIS
232,0.05674509891463842,[0. 0.],0.36752751780270243,[0.07867588 0.11018342],2.9953927267770886,[2.00376508 2.12770926],1.7496954841665109,[0.59013589 0.83831151],548.0522478509057,[529.68922589 533.91247274],220335.09061485823,5,AS-NIS
233,0.0,[0. 0.],0.0,[0. 0.],0.0,[0. 0.],1.7610145424413097,[0. 0.],521.6661247943208,[505.47801194 505.5237569 ],191803.5404118089,6,AS-NIS
234,0.0,[0. 0.],0.12574517193753024,[0.02503129 0.02503129],0.06502938017999138,[0. 0.],0.0,[0. 0.],569.9537904756397,[548.4449134  551.11401183],195234.066469098,7,AS-NIS
235,0.0,[0. 0.],9.274848642613325,[7.64167201 8.19800009],2.51739030050478,[1.5309106  1.59033113],1.7861324403231296,[0.60105445 0.63058583],424.6734367053057,[411.78266101 411.96793803],245322.26679582885,8,AS-NIS
236,0.0,[0. 0.],48.47469396610055,[45.11778204 45.19979749],9.670027573423544,[6.40100246 7.27818827],2.612672717973914,[0.97458371 1.01141884],358.09611928701395,[333.16401429 338.85126576],107913.32433372924,9,AS-NIS
237,0.0,[0. 0.],57.48098802593993,[40.34298234 41.71503147],0.0,[0. 0.],23.802545469288074,[3.41583333 6.55083333],127.51363644261468,[105. 105.],4835.317093903949,10,AS-NIS
238,,[0. 0.],,[0. 0.],,[0. 0.],,[0. 0.],,[0. 0.],,11,AS-NIS
239,,[0. 0.],,[0. 0.],,[0. 0.],,[0. 0.],,[0. 0.],,12,AS-NIS
240,0.0,[0. 0.],0.0,[0. 0.],0.0,[0. 0.],0.0,[0. 0.],724.5908554853513,[715.43438165 715.67720658],60520.05772990438,1,BS-NIS
241,0.0,[0. 0.],0.0,[0. 0.],0.0,[0. 0.],17.73738327398938,[6.65807525 7.19598954],746.1678839121985,[723.9361065  724.26780084],259138.17711119633,2,BS-NIS
242,0.0,[0. 0.],0.011080270820601926,[0. 0.],0.0,[0. 0.],21.433056981474014,[7.62890953 8.0795906 ],791.1299680093398,[760.44077769 764.85857956],677049.5699725454,3,BS-NIS
243,0.0,[0. 0.],0.10003585510510132,[0.06230606 0.06230606],0.0,[0. 0.],0.0,[0. 0.],654.5371189710471,[649.68590339 649.98272748],586131.3155345223,4,BS-NIS
244,0.0,[0. 0.],0.0,[0. 0.],0.0,[0. 0.],0.07254595291013674,[0. 0.],731.7131650517601,[714.2197521  714.97351408],948211.7633422823,5,BS-NIS
245,0.0,[0. 0.],0.0,[0. 0.],0.0,[0. 0.],0.0,[0. 0.],686.1137345361741,[669.55554298 670.14399507],727628.0139115939,6,BS-NIS
246,0.0,[0. 0.],0.06447537875994816,[0.01613492 0.0260873 ],0.16276278658932902,[0.02252273 0.02252273],11.026921526401257,[2.53623188 2.53623188],546.7647773805329,[522.02162314 522.87403956],416077.50672511547,7,BS-NIS
247,0.0,[0. 0.],0.052657897658330406,[0.00766871 0.00766871],0.7342034010181422,[0.42596842 0.4461744 ],59.51352133555691,[48.04048256 49.12716   ],437.2291025839983,[399.49761909 407.10154249],251267.90693468574,8,BS-NIS
248,0.0,[0. 0.],1.8618832106671581,[1.4084434  1.45070611],0.14088057878531718,[0. 0.],28.983259154226268,[13.19557075 13.75995057],552.9855781651346,[529.77844992 530.22270496],122287.29547820575,9,BS-NIS
249,0.0,[0. 0.],0.0,[0. 0.],0.0,[0. 0.],0.0,[0. 0.],27.852144924425808,[10.58410539 12.28991422],55994.61480932779,10,BS-NIS
250,0.0,[0. 0.],0.0,[0. 0.],0.0,[0. 0.],194.030874618763,[147.5494178  148.56232577],242.80368827192302,[192.23300267 204.42942849],8629.053540901303,11,BS-NIS
251,0.0,[0. 0.],0.0,[0. 0.],0.0,[0. 0.],0.0,[0. 0.],757.9087440649051,[741.3135709  746.50754391],46276.52834934911,12,BS-NIS
252,,[0. 0.],,[0. 0.],,[0. 0.],,[0. 0.],,[0. 0.],,1,KC-DIS
253,0.5040828704904746,[0. 0.],0.44807366265819965,[0. 0.],71.01216557969958,[48.43287671 49.85286239],194.26824510914582,[169.64649347 172.20433193],305.63769254580177,[276.29891236 278.44988984],15102.322799894617,2,KC-DIS
254,2.5439786976305054,[1.01355148 1.07548558],3.3617608404336736,[1.83569992 2.08855263],41.97825098095274,[35.37181254 36.08999505],274.8780053374297,[241.25329166 242.43099517],281.7091415056242,[246.14713919 253.28189561],150885.54592642636,3,KC-DIS
255,0.0,[0. 0.],40.93028716696325,[40.28583217 40.3426942 ],43.00272655190477,[37.95353025 38.90048072],216.50843711303676,[193.87467093 194.71567289],408.31429928536517,[378.26263161 380.50252411],239888.54904426236,4,KC-DIS
256,0.0,[0. 0.],1.5266604722008859,[0.4924019  0.50430696],26.89740230975488,[21.45885321 22.02559098],138.98301447258262,[102.55305415 105.12818514],387.6303744316761,[354.80211378 355.14928192],78805.82237437624,5,KC-DIS
257,0.0,[0. 0.],0.0,[0. 0.],44.01712815080814,[30.89522933 32.48266936],21.06397092899782,[9.15704503 9.43528033],529.6783623915828,[505.32345456 506.25933919],19619.51521427304,6,KC-DIS
258,2.934496076104817,[0. 0.],0.0,[0. 0.],12.739141023416886,[5.6216564  5.84558498],9.977286658756379,[0.04125 1.60875],362.9672207766546,[336.85731845 337.31637202],3561.639808940932,7,KC-DIS
259,0.0,[0. 0.],0.0,[0. 0.],130.86664490808434,[109.63181468 111.56241621],37.22080147568482,[21.2893921  21.34435275],472.2858469192338,[443.16959755 447.3815724 ],16175.850071872634,8,KC-DIS
260,0.0,[0. 0.],0.0,[0. 0.],338.26120588324005,[287.93540507 302.7640699 ],56.18351056347579,[40.10879121 44.24285714],105.314051793781,[84.0275 85.0725],4444.939112894248,9,KC-DIS
261,0.0,[0. 0.],0.0,[0. 0.],115.46309980766584,[82.76475    86.49191667],131.92561208493072,[108.35395833 109.13770833],226.41592227909473,[182.26318056 190.15293056],2942.9559618946078,10,KC-DIS
262,0.0,[0. 0.],0.0,[0. 0.],164.1385217091879,[140.1214651  147.82155438],179.89825171633527,[138.76962852 141.57178923],73.98365950241501,[54.73726786 55.61058929],6400.213527124171,11,KC-DIS
263,0.0,[0. 0.],0.0,[0. 0.],0.0,[0. 0.],0.0,[0. 0.],264.44885382719485,[260. 260.],488.213268604052,12,KC-DIS
264,0.0,[0. 0.],0.0,[0. 0.],0.0,[0. 0.],0.0,[0. 0.],119.095456297017,[84.81516667 90.45816667],3294.859886026983,1,AS-DIS
265,0.0,[0. 0.],0.8385845403483528,[0.19389423 0.25418269],1.9995588703621823,[0.99527122 1.19670634],0.16100823174688375,[0. 0.],323.3254866775744,[307.15872202 311.10311515],87789.73835998836,2,AS-DIS
266,0.0,[0. 0.],0.019446733372882236,[0. 0.],0.0,[0. 0.],0.10767728293503312,[0. 0.],317.82120860144215,[298.79571426 301.74113415],314585.85808624123,3,AS-DIS
267,0.0,[0. 0.],0.23152002542979924,[0.1077006  0.10801564],0.0,[0. 0.],0.09219809868257418,[0. 0.],462.17755735626247,[456.3032051  457.71663104],245345.68665933635,4,AS-DIS
268,0.0,[0. 0.],0.01309610065083822,[0. 0.],0.0,[0. 0.],0.0,[0. 0.],235.0887154214829,[224.17252191 224.96614506],291738.95305657986,5,AS-DIS
269,0.0,[0. 0.],0.49672678406360093,[0.15149789 0.19405445],0.0,[0. 0.],0.0,[0. 0.],263.21161383195556,[253.66251674 255.14088714],131228.78527387802,6,AS-DIS
270,0.0,[0. 0.],0.05337852494145887,[0. 0.],0.0,[0. 0.],0.3497213703061099,[0. 0.],178.30027003206067,[164.82762716 165.66940768],104076.3803603577,7,AS-DIS
271,0.0,[0. 0.],0.8161379158327304,[0.2161963  0.31027497],0.0,[0. 0.],0.0,[0. 0.],170.96678654297008,[156.6417224  159.75158549],76923.37804275211,8,AS-DIS
272,0.0,[0. 0.],0.0,[0. 0.],36.61713037017632,[24.59506193 24.73900829],0.0,[0. 0.],113.3919665874115,[82.82123503 85.07764168],19754.03302893865,9,AS-DIS
273,0.0,[0. 0.],53.25276782955575,[33.36220833 34.45945833],0.0,[0. 0.],0.0,[0. 0.],0.0,[0. 0.],1040.770706766562,10,AS-DIS
274,,[0. 0.],,[0. 0.],,[0. 0.],,[0. 0.],,[0. 0.],,11,AS-DIS
275,,[0. 0.],,[0. 0.],,[0. 0.],,[0. 0.],,[0. 0.],,12,AS-DIS
276,0.0,[0. 0.],0.0,[0. 0.],0.0,[0. 0.],0.0,[0. 0.],655.367781571681,[639.51490162 640.05172545],84048.69065542331,1,BS-DIS
277,0.0,[0. 0.],0.0,[0. 0.],0.0,[0. 0.],8.607030190081836,[1.37687847 2.17204121],819.3240408702035,[794.65331653 797.4247673 ],648948.1805283078,2,BS-DIS
278,0.0,[0. 0.],0.0,[0. 0.],0.0,[0. 0.],54.85942220961208,[40.67563465 41.4464715 ],613.3026496546946,[590.88995678 592.14121117],1127247.7095234694,3,BS-DIS
279,0.0,[0. 0.],0.1625833398059575,[0.12142139 0.12217182],0.0,[0. 0.],64.3222284973747,[34.13907543 34.28511167],839.9282326958207,[799.80917835 810.69918349],1161862.3794751202,4,BS-DIS
280,0.0,[0. 0.],0.39649605220963263,[0.30205512 0.31530087],0.06322255216802176,[0. 0.],19.675838825307295,[3.54552883 5.89161339],1268.624433537324,[1237.6449634  1244.70581853],1067895.289797664,5,BS-DIS
281,0.0,[0. 0.],0.8539223478733142,[0.67381747 0.69517777],0.0,[0. 0.],1.6855077339172473,[0.01737723 0.02869395],1317.0213084228103,[1305.75946418 1306.04843441],982101.0399628052,6,BS-DIS
282,0.009481563266818429,[0. 0.],0.710861475074328,[0.60884883 0.61036167],2.207043247726442,[1.91971736 1.93249208],1.8582778097180557,[1.07932209 1.09185702],1357.6094321861706,[1352.86987402 1352.92055149],1068762.7406289736,7,BS-DIS
283,0.0,[0. 0.],1.0332132161382193,[0.88133541 0.88320092],5.123337490489364,[4.56709807 4.62058254],7.713375054068945,[4.4346521  4.66254371],1243.25431641569,[1218.91117314 1220.13361761],1189094.9812537618,8,BS-DIS
284,0.0,[0. 0.],1.2778939438223407,[0.95961127 0.96205283],4.063366463899078,[3.43715613 3.51953087],8.364635482384674,[2.98072216 3.27078031],1239.9429053645597,[1217.68040091 1217.93515168],525400.3738030007,9,BS-DIS
285,0.0,[0. 0.],0.0,[0. 0.],0.0,[0. 0.],14.548704213061328,[0. 0.],407.9056210132911,[377.2304226  384.05327306],82329.62790427491,10,BS-DIS
286,0.0,[0. 0.],0.0,[0. 0.],0.0,[0. 0.],14.267721972229573,[5.04346317 5.86352249],503.5210559081471,[483.24177466 484.99506511],66079.76655319119,11,BS-DIS
287,0.0,[0. 0.],0.0,[0. 0.],0.0,[0. 0.],0.0,[0. 0.],557.9805305931702,[541.0085432  541.91448926],59652.18798753774,12,BS-DIS
