,DSW,DSW_CI,ISW,ISW_CI,LSSW,LSSW_CI,mCDW,mCDW_CI,CDW,CDW_CI,zlowest,month,region,stress_curl_slope_MonMean,u10MonMean,v10MonMean,u10SlopeMonMean,v10SlopeMonMean,neg_u10SlopeMonMean,neg_stress_curl,ShelfWidth
0,0.0,[0. 0.],49.08094025595564,[28.90538889 29.53238889],12.814235633328314,[4. 4.],0.0,[0. 0.],0.0,[0. 0.],5635.845898356284,1,WS-NIS,-1.166701694914578e-08,-1.2557222222222222,0.16074960666232638,-0.6528518996293725,0.32867737547801773,0.6528518996293725,1.166701694914578e-08,209.3633760264864
1,29.352642222190696,[14.02680071 18.41962929],320.80685380963826,[293.51276507 298.31123652],116.06521449053015,[104.50422447 106.62016312],15.850070709027555,[6.29612727 7.58248669],0.0,[0. 0.],110640.46526087649,2,WS-NIS,-7.818114975404656e-08,-1.3091765407986111,0.6661733940972222,-0.2624820743350315,0.9957017283942533,0.2624820743350315,7.818114975404656e-08,209.3633760264864
2,111.53277291601408,[ 98.55113017 100.0815155 ],286.16129620734716,[263.85470217 266.1677042 ],117.43581761312514,[112.19217099 112.48625883],46.57577930336032,[41.59301822 42.90562328],0.0,[0. 0.],280551.4211984545,3,WS-NIS,-1.3135293970681682e-07,-1.2418256293402778,0.8783599717881945,-0.08380678097620388,1.2440826888824863,0.08380678097620388,1.3135293970681682e-07,209.3633760264864
3,43.0229893727706,[37.15279833 37.2014793 ],259.74307598298583,[252.91575532 253.85880712],128.05442318581538,[124.17016293 124.23318268],71.93367047605476,[67.58807543 67.67673831],0.43206180880497136,[0. 0.],232842.45168925315,4,WS-NIS,-1.668790227866609e-07,-1.318692165798611,0.454886962890625,0.020297108240833354,0.8897803860484303,-0.020297108240833354,1.668790227866609e-07,209.3633760264864
4,61.495591353369996,[55.07960576 55.21747193],288.7756310119835,[281.34660922 281.84807971],88.54428671696645,[85.06867994 85.16703252],46.327331730609075,[43.59391866 43.6217943 ],0.0,[0. 0.],287171.0058472361,5,WS-NIS,-2.1964815480164181e-07,-1.4447787543402777,0.9530017361111112,-0.04698480365053302,1.4435993302840604,0.04698480365053302,2.1964815480164181e-07,209.3633760264864
5,64.80310747880912,[49.97679755 51.82102112],397.8339183653088,[372.45018718 376.01895657],117.80112093427151,[109.4803769 109.6597175],33.52649481358334,[16.00310909 18.44340356],0.09586979460514627,[0. 0.],153083.3541087839,6,WS-NIS,-2.0548366504409504e-07,-2.005143012152778,-0.16490673828125,-0.6079343986144033,0.15777809387564337,0.6079343986144033,2.0548366504409504e-07,209.3633760264864
6,26.912254723455572,[19.9610952  20.46455256],424.4030575918391,[389.73466913 401.98559058],122.77119998471744,[106.21231109 106.6614745 ],71.67534574637581,[58.1210476 60.1653832],0.0,[0. 0.],64070.163535000196,7,WS-NIS,-2.693792459096938e-07,-1.8258982204861112,-0.010052903917100694,-0.3366422743248818,0.35638022709116385,0.3366422743248818,2.693792459096938e-07,209.3633760264864
7,114.26780669192516,[71.53411781 79.40751781],540.2304167075367,[490.79805638 492.48129832],95.75918521895258,[67.82655668 69.70165668],21.578710232721523,[2.95021978 6.48714286],0.0,[0. 0.],6777.272817740507,8,WS-NIS,-1.5143656091492603e-07,-1.5109878472222222,0.6888586697048611,-0.19130879454404967,0.9474655237895674,0.19130879454404967,1.5143656091492603e-07,209.3633760264864
8,68.7417372244739,[53.61053232 54.46655336],653.640713356883,[619.77048226 621.69132818],0.0,[0. 0.],20.093527941617662,[7.01018681 8.65003297],0.0,[0. 0.],11667.067159060283,9,WS-NIS,-2.45484272718058e-07,-2.5849592013888887,-0.19791944715711807,-1.326537473643543,0.058911266781778354,1.326537473643543,2.45484272718058e-07,209.3633760264864
9,24.689670044287173,[3.03392857 9.75178571],102.0635966397698,[50.37125 64.47875],82.03969101330068,[47.08415476 48.4725119 ],0.0,[0. 0.],0.0,[0. 0.],1633.0175462363168,10,WS-NIS,-2.2610409845218558e-07,-2.412718967013889,-0.3742148166232639,-1.1803318826368243,-0.02727120195880862,1.1803318826368243,2.2610409845218558e-07,209.3633760264864
10,,[0. 0.],,[0. 0.],,[0. 0.],,[0. 0.],,[0. 0.],,11,WS-NIS,-1.4319527638951925e-07,-2.9124839409722223,-0.5489234483506944,-2.0900625515669815,-0.1352203787594785,2.0900625515669815,1.4319527638951925e-07,209.3633760264864
11,,[0. 0.],,[0. 0.],,[0. 0.],,[0. 0.],,[0. 0.],,12,WS-NIS,-6.436598676677984e-08,-2.113426215277778,-0.016775919596354168,-1.5764860089775659,0.2572422193201016,1.5764860089775659,6.436598676677984e-08,209.3633760264864
12,269.97886815269464,[248.57987422 250.16237854],0.0,[0. 0.],16.027768986214962,[10.44637886 11.56477843],77.82492024649571,[56.13551032 59.46038651],0.0,[0. 0.],26050.53145259825,1,CD-NIS,-2.4641870849711054e-07,-4.444188391644022,3.0792140794836955,-4.031412625569594,2.17621957040959,4.031412625569594,2.4641870849711054e-07,110.35831033764634
13,269.97114073559413,[251.47809371 253.33334592],6.3253763340136935,[0.033 1.287],16.855144362275745,[12.74697534 13.28457499],93.16118358419044,[77.67942648 78.81798431],0.0,[0. 0.],61488.93106710965,2,CD-NIS,-2.125269000734069e-07,-4.000436976336051,4.263261435688406,-3.8901654411764706,3.1177249330079744,3.8901654411764706,2.125269000734069e-07,110.35831033764634
14,158.08379901314785,[125.87572587 133.07487745],38.920457667331135,[31.10944497 31.14945767],59.51898022551442,[42.63265107 46.41662416],46.40285346021285,[22.42974842 23.56173827],0.0,[0. 0.],47748.76861925432,3,CD-NIS,1.4068017630392645e-07,-4.3878867329030795,5.518033854166666,-4.9317191059962715,4.356971216083264,4.9317191059962715,-1.4068017630392645e-07,110.35831033764634
15,125.64182156090747,[ 97.33344448 104.18109517],34.47438451934041,[27.29915811 28.13434864],147.19735846009658,[112.07576494 116.48640232],56.453165643487644,[36.06157997 36.09744575],0.0,[0. 0.],50778.73299949223,4,CD-NIS,3.2859666515280616e-07,-4.567654551630435,6.105591174139493,-5.2175428490058,4.889775463442419,5.2175428490058,-3.2859666515280616e-07,110.35831033764634
16,13.557095212552705,[10.70456056 11.03130221],68.17998468471393,[61.91741358 61.99419661],31.089104571426592,[26.30150994 26.39645734],0.3146486226240792,[0. 0.],0.0,[0. 0.],43658.12568633624,5,CD-NIS,1.3686957585454827e-07,-5.0949661033740945,6.430138983242753,-5.628004123084093,5.102867145427713,5.628004123084093,-1.3686957585454827e-07,110.35831033764634
17,312.39386837080417,[296.09435995 296.29876258],0.0,[0. 0.],1.2754277461086532,[0. 0.],0.0,[0. 0.],0.0,[0. 0.],12856.31168077522,6,CD-NIS,1.8258694333256575e-07,-5.071061551743659,6.534314849411232,-5.566885631343206,5.187819992103355,5.566885631343206,-1.8258694333256575e-07,110.35831033764634
18,648.572215298392,[615.33954923 616.57017842],8.917937552945975,[5.2553187  5.49261078],8.478967104403226,[3.136412  4.1612944],33.39486880864572,[13.10192906 18.6798573 ],0.0,[0. 0.],11782.203364050809,7,CD-NIS,2.0837410883575814e-09,-5.270589900362319,5.961895663496377,-5.61233745533865,4.470594707953604,5.61233745533865,-2.0837410883575814e-09,110.35831033764634
19,220.00969621634945,[183.24181548 187.90699405],0.0,[0. 0.],49.273824386919095,[38.08305556 39.12805556],47.269746151350276,[16.81103373 25.31285516],0.0,[0. 0.],6719.790262272541,8,CD-NIS,9.799807069340124e-08,-4.295573624320652,5.987511322463768,-4.504364999741093,4.567402230478459,4.504364999741093,-9.799807069340124e-08,110.35831033764634
20,125.0451790965654,[104.21401696 108.61794553],0.0,[0. 0.],48.02395649191046,[26.82380952 32.7952381 ],12.736083056131662,[3.91835317 5.03799603],0.0,[0. 0.],3577.4602724548167,9,CD-NIS,-8.06130591240598e-08,-5.13295261548913,5.8399169921875,-5.2987128307528994,4.445501825289975,5.2987128307528994,8.06130591240598e-08,110.35831033764634
21,,[0. 0.],,[0. 0.],,[0. 0.],,[0. 0.],,[0. 0.],,10,CD-NIS,-1.0878708006778628e-07,-4.342767068614131,4.951031051856884,-4.274499016155758,3.7507338377692627,4.274499016155758,1.0878708006778628e-07,110.35831033764634
22,76.25771507889516,[47.15748032 52.17810976],2.3785307209563125,[0. 0.],28.69873584934125,[20.59433718 21.15863718],141.2409863519124,[108.2598601  116.69787481],0.0,[0. 0.],10800.8499909182,11,CD-NIS,-3.0506456651984905e-07,-5.291634822237318,4.167567510190217,-5.013685224860191,3.1167918586888983,5.013685224860191,3.0506456651984905e-07,110.35831033764634
23,311.3025066911296,[295.78538304 298.27428046],0.0,[0. 0.],96.49985523807864,[85.30932216 87.79723053],63.33956564627751,[51.05152623 51.32547762],0.0,[0. 0.],10102.388277905256,12,CD-NIS,-3.276152608417709e-07,-5.078122169384058,3.1581298828125,-4.6305138967999175,2.284090486161454,4.6305138967999175,3.276152608417709e-07,110.35831033764634
24,,[0. 0.],,[0. 0.],,[0. 0.],,[0. 0.],,[0. 0.],,1,WPB-NIS,-1.5078667694559463e-07,-2.1831089792687908,1.7967001123366013,-2.64107905982906,1.165628171741453,2.64107905982906,1.5078667694559463e-07,191.70795190378587
25,111.37080366975223,[70.9701229  74.24471897],381.02960191599686,[335.16941855 338.32606206],42.49892342474539,[32.63507282 33.73816847],18.31772731170552,[7.00340184 7.10919233],0.0,[0. 0.],27640.563074476908,2,WPB-NIS,-3.3137621358036995e-07,-1.0992978164573122,3.241543479370915,-1.5298133680555555,2.560113514957265,1.5298133680555555,3.3137621358036995e-07,191.70795190378587
26,120.61343499748587,[106.4148438  106.48285217],441.9726587120251,[422.50851236 423.63560558],62.535836991332424,[56.78466387 58.16126837],8.108783701853094,[6.16755484 6.54475061],0.0,[0. 0.],334671.9485724981,3,WPB-NIS,-3.942058811712469e-07,-0.5510048062193628,4.701524841707516,-1.8449283854166667,4.125434695512821,1.8449283854166667,3.942058811712469e-07,191.70795190378587
27,119.92382339840124,[93.94168491 96.98436778],326.71709065920555,[297.63844603 300.6165047 ],72.43763254628952,[67.02948401 68.16383596],121.766621319133,[105.21560144 106.05675075],0.0,[0. 0.],518185.9764475922,4,WPB-NIS,-4.7637635252924046e-07,-0.7043097203073938,5.537673611111111,-2.227683293269231,4.9495492788461535,2.227683293269231,4.7637635252924046e-07,191.70795190378587
28,104.21842776176494,[68.72672141 72.93956614],348.4645688650637,[314.30123332 321.1736    ],141.58696603701884,[134.86419463 136.05346842],2.577697768332269,[1.50005466 1.78551591],0.0,[0. 0.],295319.2699426381,5,WPB-NIS,-5.123979197098658e-07,-1.4202837775735293,5.311505246629902,-3.040497796474359,4.6264720219017095,3.040497796474359,5.123979197098658e-07,191.70795190378587
29,230.8204212406211,[189.44350363 201.4139726 ],208.49792130893917,[182.29265024 184.30177156],47.654698551660566,[43.58577908 44.00807499],0.4568959557367576,[0.04879762 0.09358333],0.0,[0. 0.],114614.79864192815,6,WPB-NIS,-5.58446726610518e-07,-1.3423954184538398,5.66380655126634,-2.9694334268162392,5.022710336538461,2.9694334268162392,5.58446726610518e-07,191.70795190378587
30,637.2248631048362,[600.24685898 600.32809975],92.05580255370009,[56.79727714 58.75821559],0.7734805899730889,[0.30780508 0.33420769],0.4442509254419095,[0. 0.],0.0,[0. 0.],47298.310085093464,7,WPB-NIS,-5.344288726138253e-07,-1.3511514501633988,4.772281901041667,-2.7002772769764958,4.053313969017094,2.7002772769764958,5.344288726138253e-07,191.70795190378587
31,780.0780801230046,[766.85761118 768.62778236],3.003905446111568,[0. 0.],0.0,[0. 0.],0.0,[0. 0.],0.0,[0. 0.],60372.57070609361,8,WPB-NIS,-5.662510903854655e-07,-0.9070760091145833,5.240731911254085,-1.9468142361111112,4.623066907051282,1.9468142361111112,5.662510903854655e-07,191.70795190378587
32,746.2094876639737,[737.47981575 737.61926218],0.0,[0. 0.],0.0,[0. 0.],0.0,[0. 0.],0.0,[0. 0.],43440.861537741286,9,WPB-NIS,-5.215980335433259e-07,-1.4181982102736927,4.635428474775327,-2.6503196781517095,3.7852463942307693,2.6503196781517095,5.215980335433259e-07,191.70795190378587
33,410.6488451099359,[400. 400.],0.0,[0. 0.],0.0,[0. 0.],0.0,[0. 0.],0.0,[0. 0.],13489.81456186139,10,WPB-NIS,-4.049502790738375e-07,-1.2889823963439542,4.027315346711601,-2.0258743990384613,3.271156517094017,2.0258743990384613,4.049502790738375e-07,191.70795190378587
34,186.7206551231887,[163.33333333 163.33333333],0.0,[0. 0.],0.0,[0. 0.],0.0,[0. 0.],0.0,[0. 0.],746.8826204927548,11,WPB-NIS,-3.1603977848321965e-07,-2.6555959265216504,2.523229102839052,-3.3509588675213675,1.9358029513888888,3.3509588675213675,3.1603977848321965e-07,191.70795190378587
35,,[0. 0.],,[0. 0.],,[0. 0.],,[0. 0.],,[0. 0.],,12,WPB-NIS,-2.0476866067729444e-07,-2.750005425347222,1.574142476000817,-3.2326839610042737,0.9671557825854701,3.2326839610042737,2.0476866067729444e-07,191.70795190378587
36,,[0. 0.],,[0. 0.],,[0. 0.],,[0. 0.],,[0. 0.],,1,WS-DIS,-1.166701694914578e-08,-1.2557222222222222,0.16074960666232638,-0.6528518996293725,0.32867737547801773,0.6528518996293725,1.166701694914578e-08,209.3633760264864
37,7.921310966633753,[6.27188465 6.29471388],181.1014915468141,[143.60508426 151.25458902],119.43012285521587,[114.34907914 114.63017825],156.7475064092117,[135.21743928 137.88123476],39.85312314836877,[11.01602514 15.19913813],752839.3953455241,2,WS-DIS,-7.818114975404656e-08,-1.3091765407986111,0.6661733940972222,-0.2624820743350315,0.9957017283942533,0.2624820743350315,7.818114975404656e-08,209.3633760264864
38,15.039111865455228,[10.61771303 10.71976121],179.6818149280904,[161.59235043 161.91850172],90.87076613084913,[87.73338585 87.81223882],168.27053496387092,[144.45099737 144.76737963],37.162635897137754,[25.67125606 25.75574697],830022.8102130969,3,WS-DIS,-1.3135293970681682e-07,-1.2418256293402778,0.8783599717881945,-0.08380678097620388,1.2440826888824863,0.08380678097620388,1.3135293970681682e-07,209.3633760264864
39,22.96087779913305,[8.25002108 9.83458329],132.1046428468687,[107.66975815 109.82011751],142.41974216693467,[137.77876816 137.8314466 ],157.91962359529458,[146.32827235 146.466177  ],23.866951010038328,[13.62960894 15.70084355],580512.7822124804,4,WS-DIS,-1.668790227866609e-07,-1.318692165798611,0.454886962890625,0.020297108240833354,0.8897803860484303,-0.020297108240833354,1.668790227866609e-07,209.3633760264864
40,13.84431914408749,[7.72073452 7.81190479],271.06242926337205,[253.32404998 253.74159576],118.76425915004288,[112.51831659 112.54850573],111.11644530933414,[100.33621317 101.56032009],9.304241655280157,[3.73513685 3.9812687 ],318342.91034368,5,WS-DIS,-2.1964815480164181e-07,-1.4447787543402777,0.9530017361111112,-0.04698480365053302,1.4435993302840604,0.04698480365053302,2.1964815480164181e-07,209.3633760264864
41,17.42156045837369,[13.79507656 13.93069486],284.2863229191848,[268.8652122  269.52364841],109.04522458291159,[97.83223483 98.97384732],87.82151138228184,[77.64257434 78.14241469],0.0,[0. 0.],149032.63123338768,6,WS-DIS,-2.0548366504409504e-07,-2.005143012152778,-0.16490673828125,-0.6079343986144033,0.15777809387564337,0.6079343986144033,2.0548366504409504e-07,209.3633760264864
42,108.86496295192156,[97.72949001 97.79882046],248.71984680542684,[204.10985901 215.33881958],97.63381633733664,[89.41857918 90.46548149],83.92072917864628,[63.38848232 64.65288773],76.62884671698785,[54.02023214 54.78905357],144158.71058755033,7,WS-DIS,-2.693792459096938e-07,-1.8258982204861112,-0.010052903917100694,-0.3366422743248818,0.35638022709116385,0.3366422743248818,2.693792459096938e-07,209.3633760264864
43,110.90260632807876,[101.53061884 104.18994734],71.82248036201531,[58.13345168 58.21949108],26.215710837665423,[17.19887919 18.20392269],140.23088726575918,[105.01270704 113.86491473],67.25422172754847,[42.20808056 44.20403056],92587.69072472096,8,WS-DIS,-1.5143656091492603e-07,-1.5109878472222222,0.6888586697048611,-0.19130879454404967,0.9474655237895674,0.19130879454404967,1.5143656091492603e-07,209.3633760264864
44,204.17463987200904,[193.80973061 194.19477738],259.7665329119495,[246.92105236 247.86199015],22.48128011341634,[19.25186489 19.25725372],59.708196155869075,[53.03650928 53.75406099],4.0672947684313305,[1.22317084 1.26951021],79854.916838797,9,WS-DIS,-2.45484272718058e-07,-2.5849592013888887,-0.19791944715711807,-1.326537473643543,0.058911266781778354,1.326537473643543,2.45484272718058e-07,209.3633760264864
45,63.997129296267616,[38.17298146 40.51561883],252.32749101461715,[216.0979888  217.08196957],54.74027192762044,[30.25051954 30.25866239],77.90352639655211,[43.47952579 45.11420437],0.0,[0. 0.],5260.558570722882,10,WS-DIS,-2.2610409845218558e-07,-2.412718967013889,-0.3742148166232639,-1.1803318826368243,-0.02727120195880862,1.1803318826368243,2.2610409845218558e-07,209.3633760264864
46,,[0. 0.],,[0. 0.],,[0. 0.],,[0. 0.],,[0. 0.],,11,WS-DIS,-1.4319527638951925e-07,-2.9124839409722223,-0.5489234483506944,-2.0900625515669815,-0.1352203787594785,2.0900625515669815,1.4319527638951925e-07,209.3633760264864
47,,[0. 0.],,[0. 0.],,[0. 0.],,[0. 0.],,[0. 0.],,12,WS-DIS,-6.436598676677984e-08,-2.113426215277778,-0.016775919596354168,-1.5764860089775659,0.2572422193201016,1.5764860089775659,6.436598676677984e-08,209.3633760264864
48,0.0,[0. 0.],0.0,[0. 0.],34.01736589762991,[23.18674068 23.76408522],112.33992239184543,[84.50399111 85.83902052],304.1012714266317,[250.7649628  264.45259673],10698.350469892428,1,CD-DIS,-2.4641870849711054e-07,-4.444188391644022,3.0792140794836955,-4.031412625569594,2.17621957040959,4.031412625569594,2.4641870849711054e-07,110.35831033764634
49,0.6747177547640351,[0. 0.],0.0,[0. 0.],19.212064425195006,[13.59300979 15.27334746],222.185171975826,[177.06956993 181.63732878],117.5499841954068,[91.24937466 93.00728771],43013.25686620723,2,CD-DIS,-2.125269000734069e-07,-4.000436976336051,4.263261435688406,-3.8901654411764706,3.1177249330079744,3.8901654411764706,2.125269000734069e-07,110.35831033764634
50,0.9171791788172046,[0. 0.],6.418542343128277,[2.56555599 2.76757577],26.844905832098412,[20.8651899 21.5415097],340.719270986403,[305.73617562 306.9514311 ],151.56763538154075,[117.76964896 121.26934625],49536.847447917215,3,CD-DIS,1.4068017630392645e-07,-4.3878867329030795,5.518033854166666,-4.9317191059962715,4.356971216083264,4.9317191059962715,-1.4068017630392645e-07,110.35831033764634
51,11.474491245500467,[4.70569296 5.35256219],14.719225206272545,[12.03096276 12.09938021],66.51762236459788,[60.68954505 61.13259506],348.14727163958236,[291.11639776 313.0132954 ],311.92815955626554,[274.5856403  277.57101315],67686.29386152471,4,CD-DIS,3.2859666515280616e-07,-4.567654551630435,6.105591174139493,-5.2175428490058,4.889775463442419,5.2175428490058,-3.2859666515280616e-07,110.35831033764634
52,0.0,[0. 0.],8.48385975015184,[6.17304831 6.47381183],11.548081255527544,[7.7740985 7.8564821],302.98205452049626,[253.70684338 255.2702138 ],398.13490502294815,[351.26477087 357.91188297],46997.333353609196,5,CD-DIS,1.3686957585454827e-07,-5.0949661033740945,6.430138983242753,-5.628004123084093,5.102867145427713,5.628004123084093,-1.3686957585454827e-07,110.35831033764634
53,7.25683535462718,[0. 0.],0.0,[0. 0.],13.041171219915382,[7.84709475 8.3318492 ],383.7273598505697,[350.31721368 351.08145808],284.51279352839236,[245.71840023 249.05020404],18834.199374126696,6,CD-DIS,1.8258694333256575e-07,-5.071061551743659,6.534314849411232,-5.566885631343206,5.187819992103355,5.566885631343206,-1.8258694333256575e-07,110.35831033764634
54,18.412711517825,[1.08670014 1.67658386],9.693418702041011,[6.36173287 6.69501549],63.91121024157515,[56.39360704 57.4310061 ],135.7494314383809,[ 94.84772396 104.88680409],468.0500674219135,[411.3272174  413.17943225],30451.229478704816,7,CD-DIS,2.0837410883575814e-09,-5.270589900362319,5.961895663496377,-5.61233745533865,4.470594707953604,5.61233745533865,-2.0837410883575814e-09,110.35831033764634
55,32.484057287453716,[12.09656735 12.83055238],24.011312979913484,[13.59934741 14.690212  ],103.78218134557379,[95.60841323 95.72170364],211.70878878113356,[176.28549983 177.40562595],301.4109870070845,[258.93673129 264.94949098],19738.43341885068,8,CD-DIS,9.799807069340124e-08,-4.295573624320652,5.987511322463768,-4.504364999741093,4.567402230478459,4.504364999741093,-9.799807069340124e-08,110.35831033764634
56,61.32582887310358,[30.19446429 37.58410714],0.0,[0. 0.],129.31439625108064,[109.29482428 112.5716457 ],90.37804546960304,[54.53841667 57.80777381],248.59629774318802,[209.96910714 214.22375   ],5151.3696253407015,9,CD-DIS,-8.06130591240598e-08,-5.13295261548913,5.8399169921875,-5.2987128307528994,4.445501825289975,5.2987128307528994,8.06130591240598e-08,110.35831033764634
57,,[0. 0.],,[0. 0.],,[0. 0.],,[0. 0.],,[0. 0.],,10,CD-DIS,-1.0878708006778628e-07,-4.342767068614131,4.951031051856884,-4.274499016155758,3.7507338377692627,4.274499016155758,1.0878708006778628e-07,110.35831033764634
58,9.990332388353186,[4.04249214 4.84786283],0.0,[0. 0.],110.36310232544274,[92.09165758 95.4245975 ],268.60734871670087,[232.39671781 239.26006434],123.63381537301954,[78.44468742 82.41985256],16355.827219773622,11,CD-DIS,-3.0506456651984905e-07,-5.291634822237318,4.167567510190217,-5.013685224860191,3.1167918586888983,5.013685224860191,3.0506456651984905e-07,110.35831033764634
59,34.58509141316077,[23.26749167 23.29884167],0.0,[0. 0.],79.24927224221042,[59.78789691 60.6313612 ],114.45209938952983,[75.9867653 85.3951021],140.69236739344922,[106.66964968 106.72542825],6529.338791865159,12,CD-DIS,-3.276152608417709e-07,-5.078122169384058,3.1581298828125,-4.6305138967999175,2.284090486161454,4.6305138967999175,3.276152608417709e-07,110.35831033764634
60,0.0,[0. 0.],0.0,[0. 0.],32.707238885248266,[16.68316667 17.31016667],45.99455468238038,[40. 40.],49.0608583278724,[40. 40.],2616.579110819861,1,WPB-DIS,-1.5078667694559463e-07,-2.1831089792687908,1.7967001123366013,-2.64107905982906,1.165628171741453,2.64107905982906,1.5078667694559463e-07,191.70795190378587
61,91.94373055365419,[69.05871651 70.74443752],105.37713943050362,[84.83271739 85.51555002],29.476321676907645,[24.19674495 25.13963191],208.7465446337345,[188.59929395 190.84700557],42.45314660576075,[25.8603182  27.56082486],41861.36841723439,2,WPB-DIS,-3.3137621358036995e-07,-1.0992978164573122,3.241543479370915,-1.5298133680555555,2.560113514957265,1.5298133680555555,3.3137621358036995e-07,191.70795190378587
62,93.42141368968784,[79.24877996 81.81684407],156.679031329064,[134.47092747 139.59906789],36.97968030989003,[33.69610108 33.94932841],150.72136140475118,[125.39703141 126.08061799],206.50343357497584,[171.51044819 171.82912564],217762.4698920484,3,WPB-DIS,-3.942058811712469e-07,-0.5510048062193628,4.701524841707516,-1.8449283854166667,4.125434695512821,1.8449283854166667,3.942058811712469e-07,191.70795190378587
63,58.65263772014885,[41.98873501 42.63831355],157.897111888641,[136.74285513 137.54771035],60.05571361473292,[55.14485808 55.6132839 ],143.90641707136763,[129.88248226 129.9396983 ],281.28465262976766,[236.84591027 247.77799165],154069.6872736751,4,WPB-DIS,-4.7637635252924046e-07,-0.7043097203073938,5.537673611111111,-2.227683293269231,4.9495492788461535,2.227683293269231,4.7637635252924046e-07,191.70795190378587
64,61.266322194456656,[41.35491366 43.5919229 ],36.900156510359174,[22.19584614 24.93039024],45.64784745350047,[39.19158659 39.23833662],118.37181251007212,[95.66436943 98.96449688],400.9355377354492,[368.00076716 373.22666045],38455.786746476086,5,WPB-DIS,-5.123979197098658e-07,-1.4202837775735293,5.311505246629902,-3.040497796474359,4.6264720219017095,3.040497796474359,5.123979197098658e-07,191.70795190378587
65,43.09053090084898,[17.2228065  19.10388712],20.883052113631297,[12.44284295 12.82950973],44.8430080976601,[36.6738543  37.35214088],104.05960281669891,[82.73397204 85.02163824],299.1122595347066,[266.45817607 269.98833468],19970.114855984564,6,WPB-DIS,-5.58446726610518e-07,-1.3423954184538398,5.66380655126634,-2.9694334268162392,5.022710336538461,2.9694334268162392,5.58446726610518e-07,191.70795190378587
66,20.599687531102408,[20. 20.],0.0,[0. 0.],0.0,[0. 0.],41.199375062204815,[40. 40.],0.0,[0. 0.],185.3971877799216,7,WPB-DIS,-5.344288726138253e-07,-1.3511514501633988,4.772281901041667,-2.7002772769764958,4.053313969017094,2.7002772769764958,5.344288726138253e-07,191.70795190378587
67,0.0,[0. 0.],0.0,[0. 0.],56.5303699558397,[41.49693169 41.67996078],129.4189102585518,[94.90076519 96.2157009 ],194.6634257331073,[166.39555556 171.17269841],6678.403938601565,8,WPB-DIS,-5.662510903854655e-07,-0.9070760091145833,5.240731911254085,-1.9468142361111112,4.623066907051282,1.9468142361111112,5.662510903854655e-07,191.70795190378587
68,220.82612030084442,[182.08170141 187.56759837],23.09956001828301,[7.68351786 9.228625  ],15.402206716249301,[ 9.35200438 10.5597392 ],134.82974621058756,[107.371709   107.60462841],224.6793288375414,[198.28695421 199.13443773],15220.93405873488,9,WPB-DIS,-5.215980335433259e-07,-1.4181982102736927,4.635428474775327,-2.6503196781517095,3.7852463942307693,2.6503196781517095,5.215980335433259e-07,191.70795190378587
69,272.7698079692669,[235.44302433 243.25923646],67.25173627087361,[51.76791733 53.42246974],0.5879008644066135,[0.001875 0.073125],70.2760847688271,[57.26558542 57.26878476],0.0,[0. 0.],28103.0832184012,10,WPB-DIS,-4.049502790738375e-07,-1.2889823963439542,4.027315346711601,-2.0258743990384613,3.271156517094017,2.0258743990384613,4.049502790738375e-07,191.70795190378587
70,103.95506235165762,[81.85490817 82.65887875],10.681924489102897,[0. 0.],17.000767278989354,[12.54698208 12.73655655],348.95296283069536,[306.94006318 310.92950436],322.9558083602707,[282.49981868 289.38303846],6309.011651376399,11,WPB-DIS,-3.1603977848321965e-07,-2.6555959265216504,2.523229102839052,-3.3509588675213675,1.9358029513888888,3.3509588675213675,3.1603977848321965e-07,191.70795190378587
71,,[0. 0.],,[0. 0.],,[0. 0.],,[0. 0.],,[0. 0.],,12,WPB-DIS,-2.0476866067729444e-07,-2.750005425347222,1.574142476000817,-3.2326839610042737,0.9671557825854701,3.2326839610042737,2.0476866067729444e-07,191.70795190378587
72,,[0. 0.],,[0. 0.],,[0. 0.],,[0. 0.],,[0. 0.],,1,EPB-NIS,-1.382457099270269e-07,-4.103645559786415,-0.6374988288772541,-2.3701928681662743,0.2426628353022161,2.3701928681662743,1.382457099270269e-07,256.53376949580473
73,153.62051418288237,[111.7487833  117.01196054],173.19015816223026,[148.66370429 149.75626934],41.10534587833696,[29.61638492 33.45197895],44.68287730197442,[34.01822983 34.35681229],0.0,[0. 0.],89148.14834425172,2,EPB-NIS,-2.864506609349743e-07,-4.111511059501926,-0.20400238037109375,-1.2771658462217437,1.0655195935293333,1.2771658462217437,2.864506609349743e-07,256.53376949580473
74,219.00047711941662,[176.90102404 179.56730538],144.10619019936274,[122.35696923 124.78937265],93.81579761970902,[82.93133491 83.1450004 ],51.41988434167312,[46.55635059 46.92251028],0.0,[0. 0.],580994.832980744,3,EPB-NIS,-3.732822111795728e-07,-4.323238768163516,0.34743104395078345,-1.487712235477639,1.7641141623551095,1.487712235477639,3.732822111795728e-07,256.53376949580473
75,145.06743545972245,[116.54466233 119.96537495],90.38297836591732,[69.24958953 69.72178964],124.30259709046514,[114.31407515 115.42453328],76.85382557557429,[58.91387974 59.52987059],0.0,[0. 0.],384660.6482461843,4,EPB-NIS,-4.054187339269263e-07,-5.06936260832458,0.5568234312768076,-2.1771685698583294,2.106782514322512,2.1771685698583294,4.054187339269263e-07,256.53376949580473
76,125.95504828359144,[ 94.6215973  105.66425838],56.62410814505349,[36.71019142 37.91692686],140.50127147680482,[127.19943914 128.06105419],90.6326015827218,[74.29950772 77.66954418],0.0,[0. 0.],182476.9946140953,5,EPB-NIS,-4.0628834609245857e-07,-5.964029947916667,0.35351432137796523,-3.2767134970244705,1.5083792592818759,3.2767134970244705,4.0628834609245857e-07,256.53376949580473
77,120.46278292016892,[84.37217064 91.18946972],3.8990663905215697,[1.35683485 1.35683485],180.5438967611324,[165.35853737 169.14070783],104.36995633413565,[88.580192   89.60763449],0.0,[0. 0.],66122.22732089508,6,EPB-NIS,-4.514637984930688e-07,-6.172751034007353,0.46334684997045694,-3.261070802060665,1.811097413898388,3.261070802060665,4.514637984930688e-07,256.53376949580473
78,117.84659177183431,[85.65214851 96.96021105],1.3049269987491336,[0. 0.],120.31064672429909,[103.72115572 103.76807433],73.42197571167758,[39.84911439 45.76335715],0.0,[0. 0.],33226.26594193517,7,EPB-NIS,-4.593118156321377e-07,-5.665972883293943,0.19245124197139793,-2.5234054061930986,1.3682459884476172,2.5234054061930986,4.593118156321377e-07,256.53376949580473
79,17.372459848467688,[10.00391493 11.88282607],6.3281459146214685,[2.70805698 3.68515797],79.02241900664526,[68.56212496 69.06571847],0.0,[0. 0.],0.0,[0. 0.],25381.652408415343,8,EPB-NIS,-4.951890149193599e-07,-5.461572470785189,0.3215740214542848,-2.03171093645912,1.5527146850157658,2.03171093645912,4.951890149193599e-07,256.53376949580473
80,214.5578804717448,[179.84481485 182.15354206],0.0,[0. 0.],39.296614967864926,[22.83571795 25.69476491],0.0,[0. 0.],0.0,[0. 0.],5004.988327512342,9,EPB-NIS,-3.9284155695932966e-07,-5.561429405746674,0.022529513896012508,-2.5421821915108587,1.1862482547908246,2.5421821915108587,3.9284155695932966e-07,256.53376949580473
81,0.0,[0. 0.],621.1921524996702,[601.86626465 602.61866465],0.8142467723341479,[0. 0.],0.0,[0. 0.],0.0,[0. 0.],5048.329988471715,10,EPB-NIS,-3.076912844753363e-07,-4.808528782606793,0.007768879417611771,-1.9263363861193765,1.1936401524403784,1.9263363861193765,3.076912844753363e-07,256.53376949580473
82,81.85626899434105,[51.37714986 63.58991936],617.9161833608962,[590.78642005 594.65795886],0.0,[0. 0.],21.888590129068614,[13.3923174  16.26076751],0.0,[0. 0.],17265.140308328475,11,EPB-NIS,-2.925301495708369e-07,-5.5670022403492645,-0.7419089095599177,-3.393900303104321,0.4220723335424346,3.393900303104321,2.925301495708369e-07,256.53376949580473
83,265.4169709290241,[246.80554267 250.1858905 ],134.90638141697326,[125. 125.],0.0,[0. 0.],130.76120586133726,[115.93170514 116.46220477],0.0,[0. 0.],7858.818801058108,12,EPB-NIS,-2.2117713750104907e-07,-4.5856389919248945,-0.9607615751378676,-2.8725586154350045,-0.18648863306751565,2.8725586154350045,2.2117713750104907e-07,256.53376949580473
84,0.0,[0. 0.],0.05077185874510951,[0. 0.],77.55703696940392,[55.42915075 56.41697073],86.08864815050406,[67.2547394  69.04450929],0.0,[0. 0.],26353.641000236545,1,AC-NIS,-3.3217879040290144e-07,-3.9977893909534536,2.8999689142267266,-2.0340731501860594,1.7495197843869124,2.0340731501860594,3.3217879040290144e-07,135.8533184697267
85,121.01325548458291,[93.90432015 97.87773707],6.831629847170774,[3.27239212 3.29598082],10.208470555596127,[6.37372717 6.7879986 ],95.25094383989338,[72.22447036 73.73302832],0.0,[0. 0.],76668.7036347768,2,AC-NIS,-4.110605361095291e-07,-4.096680274024024,4.160210503472222,-2.363326453020058,2.7662640466168997,2.363326453020058,4.110605361095291e-07,135.8533184697267
86,193.32900418482262,[161.51158024 162.35454584],21.229597697574228,[9.65372173 9.81980479],48.762030448905115,[42.98532573 43.47057098],87.16583699309031,[76.60351568 78.80005109],0.0,[0. 0.],297119.52446508064,3,AC-NIS,-3.704837210480456e-07,-4.656572881475225,5.4019572306681685,-3.3275155569295696,3.9413505882419675,3.3275155569295696,3.704837210480456e-07,135.8533184697267
87,53.54834815490647,[32.90274106 36.5115386 ],49.570156076862325,[40.34322083 40.38296339],46.207955438558244,[41.35340164 41.60444516],69.99706428977825,[60.45123116 61.28636823],0.0,[0. 0.],269230.729909885,4,AC-NIS,-2.473034623947436e-07,-5.052107967342343,6.048964198573573,-4.16312085904883,4.582251769831186,4.16312085904883,2.473034623947436e-07,135.8533184697267
88,60.05429066226976,[48.15914883 49.40142367],4.249302008662634,[2.80494368 2.85846357],43.54724959418228,[40.41319768 41.29519297],117.38527217358616,[ 98.76818163 100.34941475],0.0,[0. 0.],209745.7462453866,5,AC-NIS,-2.602721165671585e-07,-4.858439494181682,5.843195734797297,-3.7995786723997096,4.289801702328009,3.7995786723997096,2.602721165671585e-07,135.8533184697267
89,92.58157594033199,[77.17804592 78.47264984],25.70409682171369,[20.93436504 21.30541865],9.469651695299707,[8.04914915 8.24412619],54.65290700160097,[49.67997139 50.94416247],0.0,[0. 0.],152189.592499418,6,AC-NIS,-2.218701273681659e-07,-4.742772850975976,6.197333661786787,-3.5734908927436924,4.389440503607733,3.5734908927436924,2.218701273681659e-07,135.8533184697267
90,114.77197448263027,[97.36454953 97.4341286 ],41.00475835919167,[32.49783999 33.54829162],4.284302110956752,[2.08720483 2.18613289],51.80293585242556,[43.45454728 43.64935142],0.0,[0. 0.],114090.358030511,7,AC-NIS,-2.2633025636715603e-07,-4.411719043262012,5.89138865427928,-3.2861999965964785,4.087061725698857,3.2861999965964785,2.2633025636715603e-07,135.8533184697267
91,284.66683645183633,[257.20865112 265.07782364],7.949971675598849,[2.22746032 2.42650794],0.18071536664842394,[0.06519967 0.06519967],18.41136542995757,[16.5891786  16.76958924],0.0,[0. 0.],87848.46688696831,8,AC-NIS,-3.622809736395211e-07,-4.948985313438438,5.704371363551051,-3.488671945906698,3.647908181498457,3.488671945906698,3.622809736395211e-07,135.8533184697267
92,104.79730600440362,[86.93848257 88.0303027 ],16.580269323982193,[7.86303571 8.08696429],1.1596945205148008,[0.50120647 0.6415796 ],68.4417451388423,[58.59015076 59.23086637],0.0,[0. 0.],26441.007680117782,9,AC-NIS,-3.7211624042949737e-07,-5.24342213307057,5.874446321321321,-3.810868436876021,3.9727360200353967,3.810868436876021,3.7211624042949737e-07,135.8533184697267
93,0.0,[0. 0.],0.0,[0. 0.],0.0,[0. 0.],80.4407917263096,[64.32485698 66.91604272],0.0,[0. 0.],8202.669450403091,10,AC-NIS,-3.431322697849623e-07,-4.16426807667042,5.0903522663288285,-2.668138039741786,3.5519845366672715,2.668138039741786,3.431322697849623e-07,135.8533184697267
94,148.0482755949412,[130.78331931 133.28383486],235.81344168631898,[215.34382379 215.94352411],5.2410196972000085,[4.06021914 4.29624577],6.520709372757825,[1.98978357 2.00876657],0.0,[0. 0.],81933.62709441027,11,AC-NIS,-3.857732855120292e-07,-3.565422062687688,3.9658502252252252,-1.6251336591259757,2.5401362046764384,1.6251336591259757,3.857732855120292e-07,135.8533184697267
95,187.30979469838246,[162.13784845 165.56719544],91.51340188233983,[78.1720658  78.34695016],6.1628072167180665,[5.12986919 5.18451532],55.934200783619964,[48.65598163 48.81728656],0.0,[0. 0.],100242.82477696492,12,AC-NIS,-4.329372340748024e-07,-4.892859949793544,3.0214955189564563,-2.7386971177845343,1.6283030112656562,2.7386971177845343,4.329372340748024e-07,135.8533184697267
96,262.2459972266026,[225.50283601 231.01588664],67.22063435599054,[39.10223911 43.71315538],4.852872971429196,[3.85083518 3.88079394],53.88934801324554,[49.02637461 49.24304466],0.0,[0. 0.],105834.79107298104,1,RS-NIS,-1.5250622377240912e-07,-0.4188284761843015,3.478874103129322,-0.2474899374421207,3.18626845706642,0.2474899374421207,1.5250622377240912e-07,188.52116080814392
97,333.01939653003194,[286.61803636 294.99293509],196.54311990211903,[146.84142338 161.30344234],3.1711403275356065,[2.80084233 2.84308366],61.31383207891882,[58.01925502 59.00926171],0.0,[0. 0.],1105520.6347697077,2,RS-NIS,-1.3194264336576906e-07,-0.40203079075899034,3.6499194977524203,-0.8663203823035105,3.0649630858671606,0.8663203823035105,1.3194264336576906e-07,188.52116080814392
98,322.3037896117392,[283.59432439 286.37521161],238.59506999233685,[192.68858111 198.09431808],31.562843436146412,[29.28725467 29.92412974],80.47491183228377,[70.60599165 71.26538993],0.0,[0. 0.],1163093.3603262,3,RS-NIS,-1.6991799974132418e-07,-0.2587193996909578,4.2338017591632084,-1.6800373214316338,4.476671425631528,1.6800373214316338,1.6991799974132418e-07,188.52116080814392
99,491.5857750702896,[448.68654507 452.39582029],134.61231562867522,[101.80766621 102.82631507],31.74649080398436,[29.59893559 29.92436266],56.31712984760563,[52.0620085  52.69718232],0.0,[0. 0.],684165.772709511,4,RS-NIS,1.2719837012070735e-07,1.2088243160010372,4.819121715076072,-0.23771354381034454,5.43694371559397,0.23771354381034454,-1.2719837012070735e-07,188.52116080814392
100,501.28853892687937,[466.80849748 470.88642203],285.7178036213928,[255.65796386 258.01345142],7.371977029495765,[6.48226506 6.75123727],36.59839839852851,[33.06757106 34.29955298],0.0,[0. 0.],544037.1471663035,5,RS-NIS,7.436349861488277e-08,1.4168806189488243,4.393585483661826,0.11082348983253588,4.229434626399821,-0.11082348983253588,-7.436349861488277e-08,188.52116080814392
101,443.1863726808409,[412.45804587 412.52854026],136.7700075017906,[110.73086006 116.49297909],2.8277440218826837,[2.34806548 2.35131942],1.940236688545116,[1.62894949 1.63352683],0.0,[0. 0.],373025.59156578267,6,RS-NIS,1.8343543753126814e-08,1.5190743051953666,5.711028807918396,0.4904385603166641,5.483619621512236,-0.4904385603166641,-1.8343543753126814e-08,188.52116080814392
102,482.5064282061824,[447.94125072 449.96160082],157.0673385154014,[135.0126275  136.53368199],0.03531890091037256,[0.00017104 0.0066707 ],1.1862714046800389,[0.86931461 0.87890417],0.0,[0. 0.],282291.5851061685,7,RS-NIS,1.9815448603923473e-08,1.4027650360909405,5.01607613675657,0.14852172309362727,5.265788723396958,-0.14852172309362727,-1.9815448603923473e-08,188.52116080814392
103,446.3653751846479,[417.49606303 422.03552623],139.87037469104686,[134.64242009 134.78975951],0.2790968058172225,[0.09216839 0.10607184],0.1387162429324663,[0.03864193 0.04570503],0.0,[0. 0.],243554.6387211911,8,RS-NIS,-1.1792473209241895e-08,1.5723857030169432,4.570626404737206,0.6728927110665226,4.31313613640651,-0.6728927110665226,1.1792473209241895e-08,188.52116080814392
104,466.0036174701586,[441.51634477 444.71753091],328.2586756884517,[299.47371627 308.70775493],0.15019732361642246,[0.04347237 0.04669732],0.2822089669478099,[0.12548165 0.13597249],0.0,[0. 0.],196766.685993334,9,RS-NIS,1.0846439751621806e-07,1.4691738524377593,5.019166018326418,0.30209854004818987,5.043624916396563,-0.30209854004818987,-1.0846439751621806e-07,188.52116080814392
105,146.31254650944626,[129.83676485 130.4964761 ],452.5698391017315,[409.17412246 413.5832156 ],0.053075845332170385,[0. 0.],0.7874076046811866,[0.28838121 0.289926  ],0.0,[0. 0.],104670.18459358392,10,RS-NIS,2.0905792859082228e-08,0.8614810252420471,4.548751945020747,-0.05800328398050968,4.619854637203958,0.05800328398050968,-2.0905792859082228e-08,188.52116080814392
106,44.2356154292495,[25.46378846 25.62892234],308.9811504549299,[273.46788653 274.87315902],0.0,[0. 0.],0.0,[0. 0.],0.0,[0. 0.],23699.15665412848,11,RS-NIS,6.939846529665589e-08,0.6724727562024551,4.354615102005533,0.05489862296163031,4.169116622506903,-0.05489862296163031,-6.939846529665589e-08,188.52116080814392
107,,[0. 0.],,[0. 0.],,[0. 0.],,[0. 0.],,[0. 0.],,12,RS-NIS,-7.30152681984332e-08,0.05855684610158411,2.3722234828838173,0.3567987346405481,1.6524601115141226,-0.3567987346405481,7.30152681984332e-08,188.52116080814392
108,,[0. 0.],,[0. 0.],,[0. 0.],,[0. 0.],,[0. 0.],,1,EPB-DIS,-1.382457099270269e-07,-4.103645559786415,-0.6374988288772541,-2.3701928681662743,0.2426628353022161,2.3701928681662743,1.382457099270269e-07,256.53376949580473
109,89.83372546512672,[76.86943892 77.7481257 ],47.051486233880645,[30.2602242  30.97622931],77.35327017745854,[70.28560227 71.95871881],90.27126170695114,[72.85745483 77.66047634],313.87548584949417,[276.15195833 277.08323775],94943.64151934502,2,EPB-DIS,-2.864506609349743e-07,-4.111511059501926,-0.20400238037109375,-1.2771658462217437,1.0655195935293333,1.2771658462217437,2.864506609349743e-07,256.53376949580473
110,111.23383572348058,[100.00666729 100.9525759 ],58.050524590291396,[47.19518277 48.27144342],62.89627175751333,[59.61262668 59.74987452],122.54780850000296,[111.72264901 112.32876465],385.5857757010482,[328.57524908 352.25654058],363538.04573430045,3,EPB-DIS,-3.732822111795728e-07,-4.323238768163516,0.34743104395078345,-1.487712235477639,1.7641141623551095,1.487712235477639,3.732822111795728e-07,256.53376949580473
111,43.238844661866494,[32.57012026 36.80324636],9.224576288809226,[4.50390449 4.77433582],97.22642868192335,[89.82816893 91.94865928],267.89364252911395,[251.70562351 252.67256839],375.4308335389714,[339.83751527 344.13906628],261746.30519266802,4,EPB-DIS,-4.054187339269263e-07,-5.06936260832458,0.5568234312768076,-2.1771685698583294,2.106782514322512,2.1771685698583294,4.054187339269263e-07,256.53376949580473
112,16.640493273247472,[9.37802999 9.96713751],5.600238611140735,[0.75755736 2.20576294],129.8359303201716,[117.4482719  119.35405854],339.64764925505136,[291.71826837 302.20324788],156.5437424120846,[124.02343676 129.8515446 ],151626.02777571406,5,EPB-DIS,-4.0628834609245857e-07,-5.964029947916667,0.35351432137796523,-3.2767134970244705,1.5083792592818759,3.2767134970244705,4.0628834609245857e-07,256.53376949580473
113,109.70779503216507,[100.055 102.145],0.0,[0. 0.],168.87500974822657,[141.00289248 145.85495899],75.90305443980155,[55.43734948 58.19380989],51.38776718028369,[40.055 42.145],11419.150491608832,6,EPB-DIS,-4.514637984930688e-07,-6.172751034007353,0.46334684997045694,-3.261070802060665,1.811097413898388,3.261070802060665,4.514637984930688e-07,256.53376949580473
114,65.23891608919743,[36.53987914 43.76333336],0.0,[0. 0.],234.06406566325958,[209.75602817 212.17921437],119.0677688906291,[78.89154119 83.29083991],288.9360119740108,[264.06896409 264.64783237],30544.965555656207,7,EPB-DIS,-4.593118156321377e-07,-5.665972883293943,0.19245124197139793,-2.5234054061930986,1.3682459884476172,2.5234054061930986,4.593118156321377e-07,256.53376949580473
115,110.8714318638764,[93.88890766 96.58383127],0.0,[0. 0.],68.91880471224053,[51.18244989 52.7074463 ],0.0,[0. 0.],0.0,[0. 0.],11488.977248356923,8,EPB-DIS,-4.951890149193599e-07,-5.461572470785189,0.3215740214542848,-2.03171093645912,1.5527146850157658,2.03171093645912,4.951890149193599e-07,256.53376949580473
116,320.35701439074273,[295.28639666 297.83054073],0.0,[0. 0.],0.5140890389219844,[0.06971088 0.13369048],4.035017406851014,[0. 0.],9.078789165414783,[0. 0.],30363.505986553882,9,EPB-DIS,-3.9284155695932966e-07,-5.561429405746674,0.022529513896012508,-2.5421821915108587,1.1862482547908246,2.5421821915108587,3.9284155695932966e-07,256.53376949580473
117,38.06911930156456,[17.56181134 17.97545718],151.28071834739842,[120.39457256 125.87225432],40.926846958278325,[29.69923719 29.94634315],196.97264506378528,[152.83695836 167.6193542 ],30.71817005037843,[20.04125 21.60875],8554.342572724947,10,EPB-DIS,-3.076912844753363e-07,-4.808528782606793,0.007768879417611771,-1.9263363861193765,1.1936401524403784,1.9263363861193765,3.076912844753363e-07,256.53376949580473
118,98.89359016402994,[63.0208702  69.29179328],0.0,[0. 0.],1.968180716529464,[0. 0.],142.16459646143073,[106.3953758  109.44428259],0.0,[0. 0.],3913.173097030851,11,EPB-DIS,-2.925301495708369e-07,-5.5670022403492645,-0.7419089095599177,-3.393900303104321,0.4220723335424346,3.393900303104321,2.925301495708369e-07,256.53376949580473
119,,[0. 0.],,[0. 0.],,[0. 0.],,[0. 0.],,[0. 0.],,12,EPB-DIS,-2.2117713750104907e-07,-4.5856389919248945,-0.9607615751378676,-2.8725586154350045,-0.18648863306751565,2.8725586154350045,2.2117713750104907e-07,256.53376949580473
120,,[0. 0.],,[0. 0.],,[0. 0.],,[0. 0.],,[0. 0.],,1,AC-DIS,-3.3217879040290144e-07,-3.9977893909534536,2.8999689142267266,-2.0340731501860594,1.7495197843869124,2.0340731501860594,3.3217879040290144e-07,135.8533184697267
121,0.0,[0. 0.],0.0,[0. 0.],5.02379560205859,[0. 0.],0.0,[0. 0.],174.15824753803116,[160. 160.],1024.8543028199526,2,AC-DIS,-4.110605361095291e-07,-4.096680274024024,4.160210503472222,-2.363326453020058,2.7662640466168997,2.363326453020058,4.110605361095291e-07,135.8533184697267
122,0.0,[0. 0.],0.0,[0. 0.],8.041115934320807,[4.93030471 4.95835169],265.13100424944764,[226.17280761 228.14784856],534.9563602472539,[484.43781807 492.75276421],40893.51399090453,3,AC-DIS,-3.704837210480456e-07,-4.656572881475225,5.4019572306681685,-3.3275155569295696,3.9413505882419675,3.3275155569295696,3.704837210480456e-07,135.8533184697267
123,0.0,[0. 0.],10.464863958131724,[1.05214682 1.90807788],3.6218706923828967,[0.3541537 0.9306385],46.929076943454845,[33.95869697 35.54962892],589.0496176973244,[560.17453534 561.90060392],16612.19288100725,4,AC-DIS,-2.473034623947436e-07,-5.052107967342343,6.048964198573573,-4.16312085904883,4.582251769831186,4.16312085904883,2.473034623947436e-07,135.8533184697267
124,0.0,[0. 0.],0.0,[0. 0.],51.84276432356077,[36.51386174 37.16685512],111.5251054227246,[90.27099402 91.99551128],253.0626020079338,[213.71485786 220.53191776],7377.749284691019,5,AC-DIS,-2.602721165671585e-07,-4.858439494181682,5.843195734797297,-3.7995786723997096,4.289801702328009,3.7995786723997096,2.602721165671585e-07,135.8533184697267
125,0.0,[0. 0.],0.0,[0. 0.],0.0,[0. 0.],47.9571458642383,[40. 40.],125.88750789362551,[120. 120.],1233.1837507946989,6,AC-DIS,-2.218701273681659e-07,-4.742772850975976,6.197333661786787,-3.5734908927436924,4.389440503607733,3.5734908927436924,2.218701273681659e-07,135.8533184697267
126,0.0,[0. 0.],0.0,[0. 0.],208.5580504209417,[200. 200.],0.0,[0. 0.],0.0,[0. 0.],1251.34830252565,7,AC-DIS,-2.2633025636715603e-07,-4.411719043262012,5.89138865427928,-3.2861999965964785,4.087061725698857,3.2861999965964785,2.2633025636715603e-07,135.8533184697267
127,0.0,[0. 0.],0.0,[0. 0.],21.872633112769922,[ 9.03770133 11.00256478],107.76057821573887,[80.07739769 80.52566934],325.27098419745164,[288.83921297 289.73693856],10894.437147820941,8,AC-DIS,-3.622809736395211e-07,-4.948985313438438,5.704371363551051,-3.488671945906698,3.647908181498457,3.488671945906698,3.622809736395211e-07,135.8533184697267
128,,[0. 0.],,[0. 0.],,[0. 0.],,[0. 0.],,[0. 0.],,9,AC-DIS,-3.7211624042949737e-07,-5.24342213307057,5.874446321321321,-3.810868436876021,3.9727360200353967,3.810868436876021,3.7211624042949737e-07,135.8533184697267
129,,[0. 0.],,[0. 0.],,[0. 0.],,[0. 0.],,[0. 0.],,10,AC-DIS,-3.431322697849623e-07,-4.16426807667042,5.0903522663288285,-2.668138039741786,3.5519845366672715,2.668138039741786,3.431322697849623e-07,135.8533184697267
130,,[0. 0.],,[0. 0.],,[0. 0.],,[0. 0.],,[0. 0.],,11,AC-DIS,-3.857732855120292e-07,-3.565422062687688,3.9658502252252252,-1.6251336591259757,2.5401362046764384,1.6251336591259757,3.857732855120292e-07,135.8533184697267
131,27.721722136358288,[ 9.21386584 13.72172024],0.0,[0. 0.],20.180869339441816,[12.23273695 13.3522319 ],51.73274390682433,[35.76488811 35.92114816],0.0,[0. 0.],8480.773378037053,12,AC-DIS,-4.329372340748024e-07,-4.892859949793544,3.0214955189564563,-2.7386971177845343,1.6283030112656562,2.7386971177845343,4.329372340748024e-07,135.8533184697267
132,,[0. 0.],,[0. 0.],,[0. 0.],,[0. 0.],,[0. 0.],,1,RS-DIS,-1.5250622377240912e-07,-0.4188284761843015,3.478874103129322,-0.2474899374421207,3.18626845706642,0.2474899374421207,1.5250622377240912e-07,188.52116080814392
133,113.37622001608072,[70.99361674 74.23981712],270.68137573006453,[238.78984377 246.33952892],11.898805282777085,[6.6841327  7.29993527],37.55576413643022,[28.47704976 28.97268511],51.16045125023718,[31.86099483 33.8223429 ],27638.306743410438,2,RS-DIS,-1.3194264336576906e-07,-0.40203079075899034,3.6499194977524203,-0.8663203823035105,3.0649630858671606,0.8663203823035105,1.3194264336576906e-07,188.52116080814392
134,197.8125720098245,[179.54167779 181.21317725],157.48698604029155,[126.89554665 131.24225852],16.576194590705747,[15.23499748 15.45915892],62.40415914572444,[55.94565723 56.6437188 ],12.115338210786305,[2.42382178 3.22120114],226888.59746624,3,RS-DIS,-1.6991799974132418e-07,-0.2587193996909578,4.2338017591632084,-1.6800373214316338,4.476671425631528,1.6800373214316338,1.6991799974132418e-07,188.52116080814392
135,211.3215893242849,[190.51919241 191.87892276],149.37907887544677,[128.21180743 132.67741848],34.44268334919212,[31.68151679 32.05894843],52.44783548053736,[47.69001707 48.16195104],0.0,[0. 0.],272034.4480081865,4,RS-DIS,1.2719837012070735e-07,1.2088243160010372,4.819121715076072,-0.23771354381034454,5.43694371559397,0.23771354381034454,-1.2719837012070735e-07,188.52116080814392
136,300.82898061219623,[271.95007189 278.14672523],94.10083800807224,[76.82743709 80.28761391],16.135541170966725,[14.77960896 14.80999821],52.311452494509794,[47.68546325 48.54961965],0.0,[0. 0.],194859.27161412,5,RS-DIS,7.436349861488277e-08,1.4168806189488243,4.393585483661826,0.11082348983253588,4.229434626399821,-0.11082348983253588,-7.436349861488277e-08,188.52116080814392
137,296.19195645154304,[271.41261536 272.27885724],219.5819949122815,[188.79339681 192.11651142],15.286446009807374,[13.60474489 13.65075145],38.78695945898064,[33.45708609 34.30594275],0.0,[0. 0.],108208.38887436554,6,RS-DIS,1.8343543753126814e-08,1.5190743051953666,5.711028807918396,0.4904385603166641,5.483619621512236,-0.4904385603166641,-1.8343543753126814e-08,188.52116080814392
138,311.04355690432703,[280.87334057 282.79002184],345.99614882156317,[311.3317904  312.95149229],0.7167177110342533,[0.28464503 0.32616821],14.771128710927437,[10.03142184 10.802271  ],0.0,[0. 0.],37074.45525133629,7,RS-DIS,1.9815448603923473e-08,1.4027650360909405,5.01607613675657,0.14852172309362727,5.265788723396958,-0.14852172309362727,-1.9815448603923473e-08,188.52116080814392
139,91.24182350070015,[55.92996331 66.21900148],139.63584995765987,[118.9135675 122.6460492],0.1390476955626028,[0. 0.],0.0,[0. 0.],0.0,[0. 0.],11953.652292125835,8,RS-DIS,-1.1792473209241895e-08,1.5723857030169432,4.570626404737206,0.6728927110665226,4.31313613640651,-0.6728927110665226,1.1792473209241895e-08,188.52116080814392
140,57.10536326332628,[43.26971838 45.77030937],43.55166748318551,[34.39749611 36.18825976],0.0,[0. 0.],0.10699872569970034,[0. 0.],0.0,[0. 0.],38141.94274889788,9,RS-DIS,1.0846439751621806e-07,1.4691738524377593,5.019166018326418,0.30209854004818987,5.043624916396563,-0.30209854004818987,-1.0846439751621806e-07,188.52116080814392
141,50.1529532724908,[37.52603569 39.26808345],7.0582492190624375,[3.6962515  4.44087843],0.0,[0. 0.],0.0,[0. 0.],0.0,[0. 0.],33608.00440495061,10,RS-DIS,2.0905792859082228e-08,0.8614810252420471,4.548751945020747,-0.05800328398050968,4.619854637203958,0.05800328398050968,-2.0905792859082228e-08,188.52116080814392
142,153.66572734709226,[131.58138889 138.89638889],63.84344031216207,[49.39342361 50.62129861],0.0,[0. 0.],0.0,[0. 0.],0.0,[0. 0.],3423.0950975882647,11,RS-DIS,6.939846529665589e-08,0.6724727562024551,4.354615102005533,0.05489862296163031,4.169116622506903,-0.05489862296163031,-6.939846529665589e-08,188.52116080814392
143,,[0. 0.],,[0. 0.],,[0. 0.],,[0. 0.],,[0. 0.],,12,RS-DIS,-7.30152681984332e-08,0.05855684610158411,2.3722234828838173,0.3567987346405481,1.6524601115141226,-0.3567987346405481,7.30152681984332e-08,188.52116080814392
144,0.0,[0. 0.],24.21728771029093,[16.24286276 18.01897139],67.93225007472938,[57.26056141 58.91099843],17.45614065195524,[0.90909091 0.90909091],0.0,[0. 0.],58025.740532119824,1,PMC-NIS,-9.593700740482499e-08,-2.3556465463789684,0.45764520554315474,-2.1263544700319996,0.43933423668787974,2.1263544700319996,9.593700740482499e-08,86.57165972100674
145,0.6617551265924988,[0.08032129 0.08032129],18.81722542949253,[15.58941086 15.82710121],183.22991767762667,[162.39703348 162.91753756],229.323364049486,[186.79013659 193.79857057],114.21943401769606,[99.3409035  99.36076175],126674.58609788046,2,PMC-NIS,-1.4384850263338416e-07,-2.928828125,1.1969873821924604,-2.8425955263725595,1.018346369615827,2.8425955263725595,1.4384850263338416e-07,86.57165972100674
146,1.6727394824603312,[0.4174579  0.55465972],35.6910387151889,[28.78918406 29.26044418],176.61709597471958,[150.67603668 151.02944878],196.0735572288488,[163.0134824  163.64096094],20.151746380566035,[20. 20.],195733.9125944379,3,PMC-NIS,-2.80755834310215e-07,-3.045821552579365,1.3056226748511905,-3.01863955254737,0.9594737622694424,3.01863955254737,2.80755834310215e-07,86.57165972100674
147,0.10895075213641447,[0. 0.],32.300080707426226,[28.3143338  28.35248557],167.00559453373955,[150.69918849 151.21599551],234.20889943340615,[202.07341896 206.36211194],70.79756062264383,[45.0061875 45.2413125],124523.0831392722,4,PMC-NIS,-3.512246701721063e-07,-3.1530003720238096,1.125034644717262,-2.7718965164671197,0.7353562323598677,2.7718965164671197,3.512246701721063e-07,86.57165972100674
148,0.0,[0. 0.],45.246235593968585,[39.30782792 40.91362422],89.77491619401566,[67.2835802  68.54277204],91.25235501741913,[68.10036704 69.2628532 ],54.29848880571775,[25.82803371 31.67533708],91145.68530811372,5,PMC-NIS,-4.361962943565188e-07,-3.5158451140873015,0.6083577861483135,-3.1995862995721427,0.07452239622658469,3.1995862995721427,4.361962943565188e-07,86.57165972100674
149,0.0,[0. 0.],76.04440979361301,[64.30112951 65.16653827],73.43300665722556,[49.42656966 53.62361036],109.08940477323523,[72.9620889  80.56908628],11.778372502444133,[0. 0.],36849.47968621807,6,PMC-NIS,-2.8032786056318447e-07,-2.7583299231150793,0.8943953838045635,-2.2164247609031746,0.4536309951169417,2.2164247609031746,2.8032786056318447e-07,86.57165972100674
150,0.0,[0. 0.],92.22249198135479,[84.33757658 84.86299425],188.68669740956486,[170.48283242 170.99470302],93.92742538678569,[80. 80.],60.381916320076506,[60. 60.],37316.02428580728,7,PMC-NIS,-3.3762805707391334e-07,-2.65400142609127,0.8615597098214286,-2.2691542904846655,0.3024931925381117,2.2691542904846655,3.3762805707391334e-07,86.57165972100674
151,0.0,[0. 0.],174.6228963882922,[154.44573027 156.49719304],380.7122769495955,[348.52294174 348.5995696 ],150.03380987652068,[116.45595763 122.82996656],25.8958854040028,[20. 20.],29609.130189324595,8,PMC-NIS,-3.818822368656389e-07,-3.59103267609127,1.261769050719246,-3.329685926994571,0.7860580596303887,3.329685926994571,3.818822368656389e-07,86.57165972100674
152,0.0,[0. 0.],91.4821904149147,[78.06121107 80.02305378],515.2142451170895,[490.28517402 491.52120491],42.47599665604803,[26.02137695 26.22233849],50.301720301078575,[40. 40.],29979.825299442837,9,PMC-NIS,-3.186667875316422e-07,-3.5457431175595238,0.5694834681919643,-3.4206994593355624,-0.03380288818192594,3.4206994593355624,3.186667875316422e-07,86.57165972100674
153,0.0,[0. 0.],55.65216273182703,[42.39695614 43.24151521],558.8311658834092,[516.92761578 521.86028576],99.41176888420569,[76.4543895 81.3469557],42.83079110948706,[40. 40.],32102.697717301264,10,PMC-NIS,-4.1390127641579586e-07,-3.568696056547619,0.002191974094935826,-3.4096280291590264,-0.396508637204275,3.4096280291590264,4.1390127641579586e-07,86.57165972100674
154,0.0,[0. 0.],199.09655286389702,[175.10346857 179.98677236],0.0,[0. 0.],0.0,[0. 0.],0.0,[0. 0.],10143.49567252602,11,PMC-NIS,-2.933647693204326e-07,-4.145600818452381,-0.4250966099330357,-4.076571657138748,-0.6144744869755151,4.076571657138748,2.933647693204326e-07,86.57165972100674
155,0.0,[0. 0.],84.86133045206951,[69.04406393 70.3968058 ],99.82770524956146,[80.02845672 83.34595667],0.0,[0. 0.],0.0,[0. 0.],47625.312175686355,12,PMC-NIS,-1.0539390120212089e-07,-3.581534908234127,0.002787787422301277,-3.693668709326574,-0.07188513236700239,3.693668709326574,1.0539390120212089e-07,86.57165972100674
156,,[0. 0.],,[0. 0.],,[0. 0.],,[0. 0.],,[0. 0.],,1,PHC-NIS,-1.7182271943122074e-07,-3.7988323663137895,-0.12131921061993163,-3.399251011348114,-0.3914307128034044,3.399251011348114,1.7182271943122074e-07,162.64801160774851
157,,[0. 0.],,[0. 0.],,[0. 0.],,[0. 0.],,[0. 0.],,2,PHC-NIS,-3.250722878179944e-07,-4.257133094547367,-0.38302430060735615,-3.622227822580645,-0.8609905301040244,3.622227822580645,3.250722878179944e-07,162.64801160774851
158,0.0,[0. 0.],0.0,[0. 0.],32.77075775757272,[19.17073762 20.21981729],39.229419296195566,[13.52475 14.46525],282.6750340718343,[269.36633333 270.62033333],7424.597355090304,3,PHC-NIS,-4.1983223135536226e-07,-4.15481113429696,-0.059110697395250156,-3.3791389749921192,-0.7751450392499387,3.3791389749921192,4.1983223135536226e-07,162.64801160774851
159,0.0,[0. 0.],0.09611777592027757,[0. 0.],26.568678175998073,[21.18572604 21.59089794],49.46745688618074,[31.81294887 32.24335303],458.6195826282748,[414.46821657 425.95495554],77590.11343388484,4,PHC-NIS,-6.080798882786094e-07,-4.440342475485206,0.5948289504656963,-3.481618419670064,-0.1674426389673304,3.481618419670064,6.080798882786094e-07,162.64801160774851
160,0.0,[0. 0.],0.0,[0. 0.],17.830877155663554,[11.56548386 11.85237081],45.41207040465672,[31.19135118 34.29544417],266.2426722097411,[237.85283947 240.58155457],58903.79744919131,5,PHC-NIS,-4.4475677989292533e-07,-4.631943030673181,0.913376666306155,-3.673837223302161,0.3312359352562082,3.673837223302161,4.4475677989292533e-07,162.64801160774851
161,0.0,[0. 0.],0.0,[0. 0.],5.649564381378944,[0.01455882 0.56779412],48.785530349723864,[29.61663696 32.00847992],425.52996726491835,[396.48365364 396.86973401],11750.905650747285,6,PHC-NIS,-5.113097937014144e-07,-4.634976100196797,0.3820491629237073,-3.607312079699485,-0.24410223084896326,3.607312079699485,5.113097937014144e-07,162.64801160774851
162,0.0,[0. 0.],0.0,[0. 0.],7.1923929403938285,[0.0225 0.8775],61.25824124423354,[42.08831405 42.20758423],285.3007151403403,[272.5377422 272.6304023],7060.2960334322315,7,PHC-NIS,-4.1607771388353146e-07,-4.142091169160559,0.5734560424937228,-2.989013081853525,-0.016762904513592452,2.989013081853525,4.1607771388353146e-07,162.64801160774851
163,,[0. 0.],,[0. 0.],,[0. 0.],,[0. 0.],,[0. 0.],,8,PHC-NIS,-5.10453430997783e-07,-4.387273301777959,0.1203651883832536,-3.3012632547896748,-0.5806611004211761,3.3012632547896748,5.10453430997783e-07,162.64801160774851
164,,[0. 0.],,[0. 0.],,[0. 0.],,[0. 0.],,[0. 0.],,9,PHC-NIS,-3.113626884723527e-07,-3.9285701788986156,0.8283040629665445,-2.8823221493993203,0.2547891444531277,2.8823221493993203,3.113626884723527e-07,162.64801160774851
165,,[0. 0.],,[0. 0.],,[0. 0.],,[0. 0.],,[0. 0.],,10,PHC-NIS,-3.745411054431935e-07,-3.585582555052253,0.14392192563068337,-2.6293663641378586,-0.32574172369181464,2.6293663641378586,3.745411054431935e-07,162.64801160774851
166,,[0. 0.],,[0. 0.],,[0. 0.],,[0. 0.],,[0. 0.],,11,PHC-NIS,-1.777225473099033e-07,-3.6787037802829805,0.30664904135705073,-3.1221353345767224,0.06994995745688636,3.1221353345767224,1.777225473099033e-07,162.64801160774851
167,,[0. 0.],,[0. 0.],,[0. 0.],,[0. 0.],,[0. 0.],,12,PHC-NIS,-1.1324345588492017e-07,-3.633894830262622,0.13674658362174266,-3.2511188859409477,-0.03965926396650949,3.2511188859409477,1.1324345588492017e-07,162.64801160774851
168,,[0. 0.],,[0. 0.],,[0. 0.],,[0. 0.],,[0. 0.],,1,LAC-NIS,-2.899089010045584e-07,-3.55456444183526,0.32765569962518065,-2.948791392731102,0.3295144114120845,2.948791392731102,2.899089010045584e-07,122.07288966957952
169,,[0. 0.],,[0. 0.],,[0. 0.],,[0. 0.],,[0. 0.],,2,LAC-NIS,-4.376722289798934e-07,-3.7954908778901735,0.9780899077251927,-2.898655847990665,0.9149500112064549,2.898655847990665,4.376722289798934e-07,122.07288966957952
170,53.99147492948034,[30.92270833 34.31895833],0.0,[0. 0.],148.68831226333225,[133.48633378 133.54277496],111.6756310458474,[84.32590278 86.15465278],171.2620774706107,[160.0495 161.9305],4612.494500711255,3,LAC-NIS,-6.05327282898223e-07,-4.40206150650289,1.4737530482297687,-3.4210205078125,1.3514926820070583,3.4210205078125,6.05327282898223e-07,122.07288966957952
171,1.7088188129506938,[0. 0.],20.814201064962315,[12.9706359  13.08797321],101.2230490306106,[75.53324151 80.5723814 ],136.6190200400285,[117.00454283 117.41432133],142.70136052009303,[140. 140.],14351.679686592212,4,LAC-NIS,-5.701542700486485e-07,-5.360890835741811,1.363516829238921,-4.5541369606671225,1.319917383524021,4.5541369606671225,5.701542700486485e-07,122.07288966957952
172,10.122909608294867,[0. 0.],23.408052132324123,[8.62842761 9.19950152],101.66491812331788,[89.38366986 90.15172974],163.36299403836443,[125.03690555 131.67049383],114.72630889400853,[100. 100.],38467.056511520495,5,LAC-NIS,-6.26585749105189e-07,-5.859125496748555,1.128018500120424,-5.006480621727004,1.0099604038592895,5.006480621727004,6.26585749105189e-07,122.07288966957952
173,0.0,[0. 0.],2.805672793011744,[0. 0.],128.09858764897672,[109.66278702 110.30527041],83.6405340893107,[63.80154264 69.65338516],0.0,[0. 0.],31311.308370011066,6,LAC-NIS,-6.40609554390004e-07,-6.544997139932563,1.1093959800999518,-5.7174541424749545,0.9948679328181922,5.7174541424749545,6.40609554390004e-07,122.07288966957952
174,0.0,[0. 0.],0.0,[0. 0.],207.7065119584485,[183.48510892 187.26655302],55.63649639506544,[33.02982639 38.38545139],0.0,[0. 0.],28116.841195117315,7,LAC-NIS,-7.694687517037538e-07,-5.5870962036368015,0.9487563410705684,-4.53398713214367,0.7552997748925603,4.53398713214367,7.694687517037538e-07,122.07288966957952
175,0.0,[0. 0.],0.0,[0. 0.],475.734872508173,[456.22288584 457.91158207],128.5631453355807,[101.54471476 103.22735856],0.0,[0. 0.],35260.22104895252,8,LAC-NIS,-7.336068951875949e-07,-5.2865629515895955,0.9672084800999519,-4.26214432846653,0.8205924946102289,4.26214432846653,7.336068951875949e-07,122.07288966957952
176,0.0,[0. 0.],7.041247865667787,[2.76959323 3.51280444],420.9682037769617,[400.26611335 402.10980309],0.0,[0. 0.],148.66296079844577,[140. 140.],43787.999362451286,9,LAC-NIS,-6.63701879990394e-07,-5.2943317979287094,0.9152116073578999,-4.3482236879553735,0.7978480604828381,4.3482236879553735,6.63701879990394e-07,122.07288966957952
177,3.3628968569121405,[0. 0.],0.0,[0. 0.],399.7941041443652,[372.14910461 373.96572948],141.12957142841282,[113.26979167 117.18854167],121.7368662202195,[100. 100.],30124.830044218954,10,LAC-NIS,-5.60348187632628e-07,-4.526568521194605,0.8759255705081889,-3.5731005503614526,0.822541450542179,3.5731005503614526,5.60348187632628e-07,122.07288966957952
178,0.0,[0. 0.],0.0,[0. 0.],347.8097303874173,[312.52849912 321.62766939],148.81407166818803,[126.74916667 129.88416667],40.58565590950583,[40. 40.],4220.908214588606,11,LAC-NIS,-5.237168555261605e-07,-5.503811039860309,0.19406932323654263,-4.743096023309426,0.17088859849940233,4.743096023309426,5.237168555261605e-07,122.07288966957952
179,,[0. 0.],,[0. 0.],,[0. 0.],,[0. 0.],,[0. 0.],,12,LAC-NIS,-2.974131036861944e-07,-4.0510890835741815,-0.04312676813790794,-3.4050726551827184,-0.10548952585578182,3.4050726551827184,2.974131036861944e-07,122.07288966957952
180,,[0. 0.],,[0. 0.],,[0. 0.],,[0. 0.],,[0. 0.],,1,PMC-DIS,-9.593700740482499e-08,-2.3556465463789684,0.45764520554315474,-2.1263544700319996,0.43933423668787974,2.1263544700319996,9.593700740482499e-08,86.57165972100674
181,0.0,[0. 0.],0.0,[0. 0.],137.16039125878328,[113.40336797 113.76165368],93.93816700964634,[80. 80.],135.60005938628163,[101.59795094 104.96366522],2818.1450102893896,2,PMC-DIS,-1.4384850263338416e-07,-2.928828125,1.1969873821924604,-2.8425955263725595,1.018346369615827,2.8425955263725595,1.4384850263338416e-07,86.57165972100674
182,,[0. 0.],,[0. 0.],,[0. 0.],,[0. 0.],,[0. 0.],,3,PMC-DIS,-2.80755834310215e-07,-3.045821552579365,1.3056226748511905,-3.01863955254737,0.9594737622694424,3.01863955254737,2.80755834310215e-07,86.57165972100674
183,0.0,[0. 0.],1.2949402404733477,[0. 0.],43.03258342612226,[30.75049837 32.40383059],153.09503376111155,[120.89962869 124.5490818 ],137.13430062390688,[113.12719849 117.08193674],9841.545827597442,4,PMC-DIS,-3.512246701721063e-07,-3.1530003720238096,1.125034644717262,-2.7718965164671197,0.7353562323598677,2.7718965164671197,3.512246701721063e-07,86.57165972100674
184,0.0,[0. 0.],0.0,[0. 0.],74.56216793052559,[48.5112282  50.70215701],191.8513853693132,[153.75970889 160.51892318],68.2528621170486,[49.4417619  53.56204762],7505.529909845509,5,PMC-DIS,-4.361962943565188e-07,-3.5158451140873015,0.6083577861483135,-3.1995862995721427,0.07452239622658469,3.1995862995721427,4.361962943565188e-07,86.57165972100674
185,0.0,[0. 0.],24.54964597447043,[12.85714286 12.85714286],178.9675470220729,[139.73266667 142.24066667],0.0,[0. 0.],0.0,[0. 0.],1793.1915320482751,6,PMC-DIS,-2.8032786056318447e-07,-2.7583299231150793,0.8943953838045635,-2.2164247609031746,0.4536309951169417,2.2164247609031746,2.8032786056318447e-07,86.57165972100674
186,,[0. 0.],,[0. 0.],,[0. 0.],,[0. 0.],,[0. 0.],,7,PMC-DIS,-3.3762805707391334e-07,-2.65400142609127,0.8615597098214286,-2.2691542904846655,0.3024931925381117,2.2691542904846655,3.3762805707391334e-07,86.57165972100674
187,0.0,[0. 0.],0.0,[0. 0.],146.5442706728004,[118.77716721 121.41341721],148.10079136728194,[113.70770094 118.52962951],131.36582226904258,[100.61580069 103.39862211],3782.6736674834306,8,PMC-DIS,-3.818822368656389e-07,-3.59103267609127,1.261769050719246,-3.329685926994571,0.7860580596303887,3.329685926994571,3.818822368656389e-07,86.57165972100674
188,,[0. 0.],,[0. 0.],,[0. 0.],,[0. 0.],,[0. 0.],,9,PMC-DIS,-3.186667875316422e-07,-3.5457431175595238,0.5694834681919643,-3.4206994593355624,-0.03380288818192594,3.4206994593355624,3.186667875316422e-07,86.57165972100674
189,,[0. 0.],,[0. 0.],,[0. 0.],,[0. 0.],,[0. 0.],,10,PMC-DIS,-4.1390127641579586e-07,-3.568696056547619,0.002191974094935826,-3.4096280291590264,-0.396508637204275,3.4096280291590264,4.1390127641579586e-07,86.57165972100674
190,,[0. 0.],,[0. 0.],,[0. 0.],,[0. 0.],,[0. 0.],,11,PMC-DIS,-2.933647693204326e-07,-4.145600818452381,-0.4250966099330357,-4.076571657138748,-0.6144744869755151,4.076571657138748,2.933647693204326e-07,86.57165972100674
191,,[0. 0.],,[0. 0.],,[0. 0.],,[0. 0.],,[0. 0.],,12,PMC-DIS,-1.0539390120212089e-07,-3.581534908234127,0.002787787422301277,-3.693668709326574,-0.07188513236700239,3.693668709326574,1.0539390120212089e-07,86.57165972100674
192,,[0. 0.],,[0. 0.],,[0. 0.],,[0. 0.],,[0. 0.],,1,PHC-DIS,-1.7182271943122074e-07,-3.7988323663137895,-0.12131921061993163,-3.399251011348114,-0.3914307128034044,3.399251011348114,1.7182271943122074e-07,162.64801160774851
193,,[0. 0.],,[0. 0.],,[0. 0.],,[0. 0.],,[0. 0.],,2,PHC-DIS,-3.250722878179944e-07,-4.257133094547367,-0.38302430060735615,-3.622227822580645,-0.8609905301040244,3.622227822580645,3.250722878179944e-07,162.64801160774851
194,0.0,[0. 0.],0.0,[0. 0.],6.117490753349983,[1.57615655 2.91518726],10.840270111687175,[3.30778638 4.29778638],456.58075124286864,[435.45377795 438.08937795],13269.365667380354,3,PHC-DIS,-4.1983223135536226e-07,-4.15481113429696,-0.059110697395250156,-3.3791389749921192,-0.7751450392499387,3.3791389749921192,4.1983223135536226e-07,162.64801160774851
195,0.0,[0. 0.],0.0,[0. 0.],25.004228936548447,[12.93957386 16.74987048],19.695885585212547,[ 9.70294503 11.31758846],557.459620830915,[538.70794498 540.09296326],52200.99869275564,4,PHC-DIS,-6.080798882786094e-07,-4.440342475485206,0.5948289504656963,-3.481618419670064,-0.1674426389673304,3.481618419670064,6.080798882786094e-07,162.64801160774851
196,0.0,[0. 0.],0.0,[0. 0.],8.72814677676125,[5.05648905 5.83503398],36.11714175193619,[28.36804537 29.30576444],686.6289262164785,[667.58092056 670.1366589 ],68596.29908158773,5,PHC-DIS,-4.4475677989292533e-07,-4.631943030673181,0.913376666306155,-3.673837223302161,0.3312359352562082,3.673837223302161,4.4475677989292533e-07,162.64801160774851
197,0.0,[0. 0.],0.0,[0. 0.],5.4214164559028495,[1.79564516 1.99790323],76.07900335512974,[54.43531702 55.68368318],869.4651532292983,[834.60160106 836.11219549],31777.605112438912,6,PHC-DIS,-5.113097937014144e-07,-4.634976100196797,0.3820491629237073,-3.607312079699485,-0.24410223084896326,3.607312079699485,5.113097937014144e-07,162.64801160774851
198,0.0,[0. 0.],0.0,[0. 0.],44.04387423568277,[30.23322222 30.65122222],98.26455274551952,[73.02475 73.96525],230.89667402342783,[212.0495 213.9305],2882.871768153781,7,PHC-DIS,-4.1607771388353146e-07,-4.142091169160559,0.5734560424937228,-2.989013081853525,-0.016762904513592452,2.989013081853525,4.1607771388353146e-07,162.64801160774851
199,,[0. 0.],,[0. 0.],,[0. 0.],,[0. 0.],,[0. 0.],,8,PHC-DIS,-5.10453430997783e-07,-4.387273301777959,0.1203651883832536,-3.3012632547896748,-0.5806611004211761,3.3012632547896748,5.10453430997783e-07,162.64801160774851
200,,[0. 0.],,[0. 0.],,[0. 0.],,[0. 0.],,[0. 0.],,9,PHC-DIS,-3.113626884723527e-07,-3.9285701788986156,0.8283040629665445,-2.8823221493993203,0.2547891444531277,2.8823221493993203,3.113626884723527e-07,162.64801160774851
201,,[0. 0.],,[0. 0.],,[0. 0.],,[0. 0.],,[0. 0.],,10,PHC-DIS,-3.745411054431935e-07,-3.585582555052253,0.14392192563068337,-2.6293663641378586,-0.32574172369181464,2.6293663641378586,3.745411054431935e-07,162.64801160774851
202,,[0. 0.],,[0. 0.],,[0. 0.],,[0. 0.],,[0. 0.],,11,PHC-DIS,-1.777225473099033e-07,-3.6787037802829805,0.30664904135705073,-3.1221353345767224,0.06994995745688636,3.1221353345767224,1.777225473099033e-07,162.64801160774851
203,,[0. 0.],,[0. 0.],,[0. 0.],,[0. 0.],,[0. 0.],,12,PHC-DIS,-1.1324345588492017e-07,-3.633894830262622,0.13674658362174266,-3.2511188859409477,-0.03965926396650949,3.2511188859409477,1.1324345588492017e-07,162.64801160774851
204,,[0. 0.],,[0. 0.],,[0. 0.],,[0. 0.],,[0. 0.],,1,LAC-DIS,-2.899089010045584e-07,-3.55456444183526,0.32765569962518065,-2.948791392731102,0.3295144114120845,2.948791392731102,2.899089010045584e-07,122.07288966957952
205,,[0. 0.],,[0. 0.],,[0. 0.],,[0. 0.],,[0. 0.],,2,LAC-DIS,-4.376722289798934e-07,-3.7954908778901735,0.9780899077251927,-2.898655847990665,0.9149500112064549,2.898655847990665,4.376722289798934e-07,122.07288966957952
206,5.860666606063633,[0. 0.],0.0,[0. 0.],78.63298207377463,[64.18983967 67.01258593],264.51722537688113,[239.05579495 240.01440183],374.2382130026693,[351.5358135  355.27958879],19529.56206959233,3,LAC-DIS,-6.05327282898223e-07,-4.40206150650289,1.4737530482297687,-3.4210205078125,1.3514926820070583,3.4210205078125,6.05327282898223e-07,122.07288966957952
207,0.0,[0. 0.],0.0,[0. 0.],91.83479160265837,[77.88449604 79.11505463],330.76160520286123,[295.80458061 296.81457915],375.384264612546,[347.86816635 348.64152863],22700.10441029828,4,LAC-DIS,-5.701542700486485e-07,-5.360890835741811,1.363516829238921,-4.5541369606671225,1.319917383524021,4.5541369606671225,5.701542700486485e-07,122.07288966957952
208,0.0,[0. 0.],0.0,[0. 0.],48.66120020207586,[40. 40.],83.41920034641575,[80. 80.],0.0,[0. 0.],417.0960017320788,5,LAC-DIS,-6.26585749105189e-07,-5.859125496748555,1.128018500120424,-5.006480621727004,1.0099604038592895,5.006480621727004,6.26585749105189e-07,122.07288966957952
209,,[0. 0.],,[0. 0.],,[0. 0.],,[0. 0.],,[0. 0.],,6,LAC-DIS,-6.40609554390004e-07,-6.544997139932563,1.1093959800999518,-5.7174541424749545,0.9948679328181922,5.7174541424749545,6.40609554390004e-07,122.07288966957952
210,0.0,[0. 0.],0.0,[0. 0.],360.7538589651238,[324.7142197 325.3697197],107.698255156425,[86.70791667 88.27541667],187.37470724707168,[170. 170.],4132.371921989473,7,LAC-DIS,-7.694687517037538e-07,-5.5870962036368015,0.9487563410705684,-4.53398713214367,0.7552997748925603,4.53398713214367,7.694687517037538e-07,122.07288966957952
211,0.0,[0. 0.],0.0,[0. 0.],0.0,[0. 0.],0.0,[0. 0.],141.76859546349368,[140. 140.],222.77922144263297,8,LAC-DIS,-7.336068951875949e-07,-5.2865629515895955,0.9672084800999519,-4.26214432846653,0.8205924946102289,4.26214432846653,7.336068951875949e-07,122.07288966957952
212,0.0,[0. 0.],0.0,[0. 0.],193.4377343143911,[160.0825 163.2175],40.02160020297746,[40. 40.],80.04320040595492,[80. 80.],680.3672034506168,9,LAC-DIS,-6.63701879990394e-07,-5.2943317979287094,0.9152116073578999,-4.3482236879553735,0.7978480604828381,4.3482236879553735,6.63701879990394e-07,122.07288966957952
213,0.0,[0. 0.],0.0,[0. 0.],232.38498950421055,[194.05017857 206.81410714],61.21787304522379,[30. 30.],71.42085188609444,[60. 60.],1550.8527838123362,10,LAC-DIS,-5.60348187632628e-07,-4.526568521194605,0.8759255705081889,-3.5731005503614526,0.822541450542179,3.5731005503614526,5.60348187632628e-07,122.07288966957952
214,0.0,[0. 0.],0.0,[0. 0.],70.5023693061872,[50.0825 53.2175],24.84369204122787,[4. 4.],130.59724600050868,[100.099 103.861],966.8896361991387,11,LAC-DIS,-5.237168555261605e-07,-5.503811039860309,0.19406932323654263,-4.743096023309426,0.17088859849940233,4.743096023309426,5.237168555261605e-07,122.07288966957952
215,,[0. 0.],,[0. 0.],,[0. 0.],,[0. 0.],,[0. 0.],,12,LAC-DIS,-2.974131036861944e-07,-4.0510890835741815,-0.04312676813790794,-3.4050726551827184,-0.10548952585578182,3.4050726551827184,2.974131036861944e-07,122.07288966957952
216,,[0. 0.],,[0. 0.],,[0. 0.],,[0. 0.],,[0. 0.],,1,KC-NIS,-2.6259920518211935e-07,-4.26523161300505,1.615193241003788,-2.3963812849994044,0.615813645392738,2.3963812849994044,2.6259920518211935e-07,125.56189678539579
217,10.024480341548305,[0. 0.],9.367047304899447,[2.61272835 2.9048091 ],83.39250863650905,[63.0805693  65.29814157],320.27201949186,[277.58269317 291.63531098],58.65280668259382,[34.56211124 34.62449767],16981.469698582827,2,KC-NIS,-4.463019449808423e-07,-4.266395991161616,2.2766173453282827,-1.9918063229774812,0.7703607405352675,1.9918063229774812,4.463019449808423e-07,125.56189678539579
218,1.4072988885312665,[0.14023581 0.1545113 ],6.493802147961802,[3.69632851 4.22810173],54.305799842091204,[49.60137116 50.40481162],640.3931157281031,[607.0523049  608.64757002],5.4088583706603535,[3.52038337 3.53584936],365442.980179603,3,KC-NIS,-6.14583018239968e-07,-4.418365293560606,3.5867002051767676,-1.978949394212439,1.87307410193018,1.978949394212439,6.14583018239968e-07,125.56189678539579
219,0.0,[0. 0.],6.733908395626818,[4.82816433 5.37942248],88.4562305396509,[83.68951064 83.98535728],453.19872320315596,[427.27884689 429.525376  ],3.7722600388634353,[2.69820109 2.77610956],423678.3461003176,4,KC-NIS,-6.284075492324327e-07,-5.841024305555556,4.396757417929293,-3.5986005823305134,2.467546895478375,3.5986005823305134,6.284075492324327e-07,125.56189678539579
220,0.1219426315846834,[0. 0.],53.16176856882034,[45.91719936 47.43113408],162.91108390738952,[156.19392881 156.40435553],362.6068623198009,[320.59416816 321.39338866],39.50479874797377,[27.57500285 27.80611198],295104.5917564588,5,KC-NIS,-6.149259531162754e-07,-5.716712436868687,4.333383049242424,-3.4180816137704038,2.186430703041225,3.4180816137704038,6.149259531162754e-07,125.56189678539579
221,0.0,[0. 0.],64.26122278847666,[55.17254804 57.38490665],332.88801397718584,[311.25703194 313.27787685],420.9031226075483,[367.8002889  374.72905233],33.373739602166864,[20.92049846 21.46607367],106495.61281180657,6,KC-NIS,-6.714937295225399e-07,-7.116100063131313,4.397868529040404,-5.072253291433337,2.1598046269957107,5.072253291433337,6.714937295225399e-07,125.56189678539579
222,0.0,[0. 0.],238.9232722901885,[213.10598571 213.8763    ],185.61810008765804,[150.23832619 152.05662619],110.27668617933494,[100. 100.],25.062883222576122,[0.12375 4.82625],3709.306716941265,7,KC-NIS,-7.905748554162639e-07,-6.251366398358586,4.230208333333334,-3.619252557935184,1.8941596140384844,3.619252557935184,7.905748554162639e-07,125.56189678539579
223,,[0. 0.],,[0. 0.],,[0. 0.],,[0. 0.],,[0. 0.],,8,KC-NIS,-7.146594156657045e-07,-6.552056107954545,3.7918848642676766,-4.052568453622066,1.5160450393929465,4.052568453622066,7.146594156657045e-07,125.56189678539579
224,0.6173500870674359,[0. 0.],12.902616819709413,[0. 0.],27.726855637569074,[20.98878267 21.06937333],279.0287190072717,[237.84543135 248.52058891],14.719348105321819,[8.2521576  8.31721731],34531.47712011703,9,KC-NIS,-7.5385230585061e-07,-5.9900954861111115,3.5821792140151514,-3.377762020806029,1.5375603646640057,3.377762020806029,7.5385230585061e-07,125.56189678539579
225,0.0,[0. 0.],18.09484499186459,[0.64367591 0.95203657],120.97123664537844,[108.12007926 109.70670329],200.8866345909901,[171.32379149 172.00887603],0.0,[0. 0.],54073.13476299233,10,KC-NIS,-5.962054594600214e-07,-5.11749329229798,3.2512425031565657,-2.6402733769957107,1.4678864176248063,2.6402733769957107,5.962054594600214e-07,125.56189678539579
226,0.0,[0. 0.],0.0,[0. 0.],135.67853466573308,[110.84006347 111.22892905],106.06614193964214,[74.89216956 87.36267442],83.58428905375425,[46.68316667 47.31016667],9031.180500198328,11,KC-NIS,-4.503068373354686e-07,-4.767546559343434,2.3805109690656567,-2.3103022980459906,0.8562615888984868,2.3103022980459906,4.503068373354686e-07,125.56189678539579
227,,[0. 0.],,[0. 0.],,[0. 0.],,[0. 0.],,[0. 0.],,12,KC-NIS,-3.1913688254771125e-07,-4.107183948863637,1.5591106376262627,-2.069595989589539,0.6588662869169248,2.069595989589539,3.1913688254771125e-07,125.56189678539579
228,0.0,[0. 0.],0.0,[0. 0.],0.0,[0. 0.],0.0,[0. 0.],201.6403533073399,[188. 188.],1646.0437004680807,1,AS-NIS,-7.651060215755292e-08,-2.0130618513431013,1.0794314951541515,-0.5487783397739975,0.4250311703436384,0.5487783397739975,7.651060215755292e-08,256.3099280922769
229,0.0,[0. 0.],0.0,[0. 0.],0.0,[0. 0.],0.0,[0. 0.],499.73826288398016,[483.08249221 483.57495846],121680.43890388301,2,AS-NIS,-1.799690297398968e-07,-2.535104500534188,1.2230059762286325,-0.8046956466733459,0.5144106132091546,0.8046956466733459,1.799690297398968e-07,256.3099280922769
230,0.0,[0. 0.],1.5018058658631157,[1.09291408 1.096003  ],0.046599145436857,[0. 0.],0.0,[0. 0.],571.2124274360465,[554.22224898 556.13774143],378168.8409124518,3,AS-NIS,-2.2478193058474516e-07,-3.1029239640567767,1.590305679563492,-1.5908768333742265,0.8417033213721,1.5908768333742265,2.2478193058474516e-07,256.3099280922769
231,0.0,[0. 0.],0.2468006618189313,[0.09687325 0.13631535],0.4956624465144758,[0.22059871 0.22086948],0.07863235690767087,[0. 0.],546.6202890799149,[534.68361224 535.73349252],333452.3043205145,4,AS-NIS,-2.8328519202914034e-07,-2.5595152243589743,1.3117719303266178,-0.6617092295738939,0.4240146199241433,0.6617092295738939,2.8328519202914034e-07,256.3099280922769
232,0.05674509891463843,[0. 0.],0.3675275178027024,[0.07867588 0.11018342],2.995392726777089,[2.00376508 2.12770926],1.7496954841665109,[0.59013589 0.83831151],548.0522478509057,[529.68922589 533.91247274],220335.09061485823,5,AS-NIS,-3.028612467387339e-07,-2.918592843788156,0.5709120306776557,-0.5308810036190398,-0.37582552956571524,0.5308810036190398,3.028612467387339e-07,256.3099280922769
233,0.0,[0. 0.],0.0,[0. 0.],0.0,[0. 0.],1.7610145424413095,[0. 0.],521.6661247943208,[505.47801194 505.5237569 ],191803.5404118089,6,AS-NIS,-2.7707622252634823e-07,-1.8557385865003053,1.090183340964591,0.8376232756740547,0.03961218081014353,-0.8376232756740547,2.7707622252634823e-07,256.3099280922769
234,0.0,[0. 0.],0.12574517193753024,[0.02503129 0.02503129],0.06502938017999138,[0. 0.],0.0,[0. 0.],569.9537904756397,[548.4449134  551.11401183],195234.066469098,7,AS-NIS,-2.885113484804673e-07,-0.901010008871337,0.060078096680879885,1.7946450478449334,-1.2630581056950465,-1.7946450478449334,2.885113484804673e-07,256.3099280922769
235,0.0,[0. 0.],9.274848642613325,[7.64167201 8.19800009],2.51739030050478,[1.5309106  1.59033113],1.7861324403231296,[0.60105445 0.63058583],424.67343670530573,[411.78266101 411.96793803],245322.2667958289,8,AS-NIS,-3.4540954410878694e-07,-2.043868999923687,0.46092903407356534,0.6491506800182656,-0.6562857814672446,-0.6491506800182656,3.4540954410878694e-07,256.3099280922769
236,0.0,[0. 0.],48.47469396610055,[45.11778204 45.19979749],9.670027573423543,[6.40100246 7.27818827],2.612672717973914,[0.97458371 1.01141884],358.09611928701395,[333.16401429 338.85126576],107913.32433372924,9,AS-NIS,-4.4232929683343257e-07,-2.724280038537851,0.4924885769612332,0.39293173322019576,-0.7903071306500641,-0.39293173322019576,4.4232929683343257e-07,256.3099280922769
237,0.0,[0. 0.],57.48098802593993,[40.34298234 41.71503147],0.0,[0. 0.],23.802545469288074,[3.41583333 6.55083333],127.51363644261468,[105. 105.],4835.317093903949,10,AS-NIS,-3.701117703102234e-07,-3.1316690037393164,1.117514928647741,-0.2084647716546032,0.09523704742833483,0.2084647716546032,3.701117703102234e-07,256.3099280922769
238,,[0. 0.],,[0. 0.],,[0. 0.],,[0. 0.],,[0. 0.],,11,AS-NIS,-2.613445108005952e-07,-2.446518954136142,0.8345002003205129,0.1272537399087743,-0.018990532860059535,-0.1272537399087743,2.613445108005952e-07,256.3099280922769
239,,[0. 0.],,[0. 0.],,[0. 0.],,[0. 0.],,[0. 0.],,12,AS-NIS,-1.9370534584392966e-07,-2.608758060515873,0.7337166847909036,-0.44490726955883153,0.09466980867351285,0.44490726955883153,1.9370534584392966e-07,256.3099280922769
240,0.0,[0. 0.],0.0,[0. 0.],0.0,[0. 0.],0.0,[0. 0.],724.5908554853513,[715.43438165 715.67720658],60520.05772990437,1,BS-NIS,-1.1056897052234378e-07,0.06807281655609293,-0.12178141276041667,0.07315378739518365,-0.47675022188560223,-0.07315378739518365,1.1056897052234378e-07,257.72580992257275
241,0.0,[0. 0.],0.0,[0. 0.],0.0,[0. 0.],17.73738327398938,[6.65807525 7.19598954],746.1678839121985,[723.9361065  724.26780084],259138.17711119642,2,BS-NIS,-1.679611873145251e-07,0.8252993413800706,-0.911276455026455,0.8132958042988034,-1.2126763974666315,-0.8132958042988034,1.679611873145251e-07,257.72580992257275
242,0.0,[0. 0.],0.011080270820601926,[0. 0.],0.0,[0. 0.],21.43305698147401,[7.62890953 8.0795906 ],791.1299680093398,[760.44077769 764.85857956],677049.5699725454,3,BS-NIS,-2.3723362755039702e-07,0.2795495196414793,-1.0411931974757496,0.16204846756089633,-1.6345520323324463,-0.16204846756089633,2.3723362755039702e-07,257.72580992257275
243,0.0,[0. 0.],0.10003585510510132,[0.06230606 0.06230606],0.0,[0. 0.],0.0,[0. 0.],654.5371189710471,[649.68590339 649.98272748],586131.3155345223,4,BS-NIS,-2.431803898194454e-07,0.840066017002866,-0.6021363811728395,0.9367002277898543,-0.9801797273378299,-0.9367002277898543,2.431803898194454e-07,257.72580992257275
244,0.0,[0. 0.],0.0,[0. 0.],0.0,[0. 0.],0.07254595291013674,[0. 0.],731.7131650517601,[714.2197521  714.97351408],948211.7633422824,5,BS-NIS,-2.6459142447966194e-07,0.6643302796378968,-1.3141576588679453,0.7965930402200191,-1.8652502069662555,-0.7965930402200191,2.6459142447966194e-07,257.72580992257275
245,0.0,[0. 0.],0.0,[0. 0.],0.0,[0. 0.],0.0,[0. 0.],686.1137345361741,[669.55554298 670.14399507],727628.0139115939,6,BS-NIS,-2.8499609795869847e-07,1.0662440923996914,-0.09225602730241401,1.3106272252046807,-0.5694451939388091,-1.3106272252046807,2.8499609795869847e-07,257.72580992257275
246,0.0,[0. 0.],0.06447537875994816,[0.01613492 0.0260873 ],0.16276278658932902,[0.02252273 0.02252273],11.026921526401255,[2.53623188 2.53623188],546.7647773805328,[522.02162314 522.87403956],416077.50672511547,7,BS-NIS,-1.7655263475426963e-07,1.8176018931878306,-0.4052710692928792,2.492447001401784,-0.7063563876389086,-2.492447001401784,1.7655263475426963e-07,257.72580992257275
247,0.0,[0. 0.],0.052657897658330406,[0.00766871 0.00766871],0.7342034010181422,[0.42596842 0.4461744 ],59.51352133555691,[48.04048256 49.12716   ],437.2291025839983,[399.49761909 407.10154249],251267.9069346857,8,BS-NIS,-2.3332251926023817e-07,1.1204781022652117,-0.892475215636023,1.1859871941216504,-1.4897124756211526,-1.1859871941216504,2.3332251926023817e-07,257.72580992257275
248,0.0,[0. 0.],1.861883210667158,[1.4084434  1.45070611],0.14088057878531718,[0. 0.],28.98325915422627,[13.19557075 13.75995057],552.9855781651347,[529.77844992 530.22270496],122287.29547820572,9,BS-NIS,-2.8056965267232233e-07,1.9660848627645502,-1.4323743386243386,2.32743728160616,-1.8882985342218068,-2.32743728160616,2.8056965267232233e-07,257.72580992257275
249,0.0,[0. 0.],0.0,[0. 0.],0.0,[0. 0.],0.0,[0. 0.],27.852144924425808,[10.58410539 12.28991422],55994.61480932778,10,BS-NIS,-3.096387498658183e-07,1.4498291446208114,-0.9935093901565256,1.777550795613839,-1.5799443667086526,-1.777550795613839,3.096387498658183e-07,257.72580992257275
250,0.0,[0. 0.],0.0,[0. 0.],0.0,[0. 0.],194.03087461876305,[147.5494178  148.56232577],242.80368827192302,[192.23300267 204.42942849],8629.053540901303,11,BS-NIS,-2.4165290197648874e-07,1.1074585606812168,-0.3737759813850309,1.0774056970318753,-0.8757241438199622,-1.0774056970318753,2.4165290197648874e-07,257.72580992257275
251,0.0,[0. 0.],0.0,[0. 0.],0.0,[0. 0.],0.0,[0. 0.],757.9087440649051,[741.3135709  746.50754391],46276.52834934911,12,BS-NIS,-1.5230974411764858e-07,0.2804366069706239,-0.12941975265583663,0.20487665430159682,-0.5170992774592162,-0.20487665430159682,1.5230974411764858e-07,257.72580992257275
252,,[0. 0.],,[0. 0.],,[0. 0.],,[0. 0.],,[0. 0.],,1,KC-DIS,-2.6259920518211935e-07,-4.26523161300505,1.615193241003788,-2.3963812849994044,0.615813645392738,2.3963812849994044,2.6259920518211935e-07,125.56189678539579
253,0.5040828704904746,[0. 0.],0.4480736626581997,[0. 0.],71.01216557969957,[48.43287671 49.85286239],194.26824510914585,[169.64649347 172.20433193],305.6376925458017,[276.29891236 278.44988984],15102.322799894617,2,KC-DIS,-4.463019449808423e-07,-4.266395991161616,2.2766173453282827,-1.9918063229774812,0.7703607405352675,1.9918063229774812,4.463019449808423e-07,125.56189678539579
254,2.543978697630505,[1.01355148 1.07548558],3.3617608404336736,[1.83569992 2.08855263],41.978250980952744,[35.37181254 36.08999505],274.87800533742967,[241.25329166 242.43099517],281.7091415056242,[246.14713919 253.28189561],150885.54592642633,3,KC-DIS,-6.14583018239968e-07,-4.418365293560606,3.5867002051767676,-1.978949394212439,1.87307410193018,1.978949394212439,6.14583018239968e-07,125.56189678539579
255,0.0,[0. 0.],40.93028716696325,[40.28583217 40.3426942 ],43.00272655190477,[37.95353025 38.90048072],216.5084371130368,[193.87467093 194.71567289],408.3142992853652,[378.26263161 380.50252411],239888.54904426238,4,KC-DIS,-6.284075492324327e-07,-5.841024305555556,4.396757417929293,-3.5986005823305134,2.467546895478375,3.5986005823305134,6.284075492324327e-07,125.56189678539579
256,0.0,[0. 0.],1.526660472200886,[0.4924019  0.50430696],26.897402309754877,[21.45885321 22.02559098],138.98301447258262,[102.55305415 105.12818514],387.6303744316761,[354.80211378 355.14928192],78805.82237437624,5,KC-DIS,-6.149259531162754e-07,-5.716712436868687,4.333383049242424,-3.4180816137704038,2.186430703041225,3.4180816137704038,6.149259531162754e-07,125.56189678539579
257,0.0,[0. 0.],0.0,[0. 0.],44.01712815080814,[30.89522933 32.48266936],21.06397092899782,[9.15704503 9.43528033],529.6783623915828,[505.32345456 506.25933919],19619.51521427304,6,KC-DIS,-6.714937295225399e-07,-7.116100063131313,4.397868529040404,-5.072253291433337,2.1598046269957107,5.072253291433337,6.714937295225399e-07,125.56189678539579
258,2.934496076104817,[0. 0.],0.0,[0. 0.],12.739141023416884,[5.6216564  5.84558498],9.97728665875638,[0.04125 1.60875],362.96722077665464,[336.85731845 337.31637202],3561.639808940932,7,KC-DIS,-7.905748554162639e-07,-6.251366398358586,4.230208333333334,-3.619252557935184,1.8941596140384844,3.619252557935184,7.905748554162639e-07,125.56189678539579
259,0.0,[0. 0.],0.0,[0. 0.],130.86664490808434,[109.63181468 111.56241621],37.220801475684816,[21.2893921  21.34435275],472.2858469192338,[443.16959755 447.3815724 ],16175.850071872634,8,KC-DIS,-7.146594156657045e-07,-6.552056107954545,3.7918848642676766,-4.052568453622066,1.5160450393929465,4.052568453622066,7.146594156657045e-07,125.56189678539579
260,0.0,[0. 0.],0.0,[0. 0.],338.26120588324005,[287.93540507 302.7640699 ],56.18351056347579,[40.10879121 44.24285714],105.31405179378099,[84.0275 85.0725],4444.939112894248,9,KC-DIS,-7.5385230585061e-07,-5.9900954861111115,3.5821792140151514,-3.377762020806029,1.5375603646640057,3.377762020806029,7.5385230585061e-07,125.56189678539579
261,0.0,[0. 0.],0.0,[0. 0.],115.46309980766584,[82.76475    86.49191667],131.92561208493072,[108.35395833 109.13770833],226.41592227909473,[182.26318056 190.15293056],2942.955961894608,10,KC-DIS,-5.962054594600214e-07,-5.11749329229798,3.2512425031565657,-2.6402733769957107,1.4678864176248063,2.6402733769957107,5.962054594600214e-07,125.56189678539579
262,0.0,[0. 0.],0.0,[0. 0.],164.1385217091879,[140.1214651  147.82155438],179.8982517163353,[138.76962852 141.57178923],73.98365950241502,[54.73726786 55.61058929],6400.213527124171,11,KC-DIS,-4.503068373354686e-07,-4.767546559343434,2.3805109690656567,-2.3103022980459906,0.8562615888984868,2.3103022980459906,4.503068373354686e-07,125.56189678539579
263,0.0,[0. 0.],0.0,[0. 0.],0.0,[0. 0.],0.0,[0. 0.],264.44885382719485,[260. 260.],488.21326860405196,12,KC-DIS,-3.1913688254771125e-07,-4.107183948863637,1.5591106376262627,-2.069595989589539,0.6588662869169248,2.069595989589539,3.1913688254771125e-07,125.56189678539579
264,0.0,[0. 0.],0.0,[0. 0.],0.0,[0. 0.],0.0,[0. 0.],119.09545629701701,[84.81516667 90.45816667],3294.859886026983,1,AS-DIS,-7.651060215755292e-08,-2.0130618513431013,1.0794314951541515,-0.5487783397739975,0.4250311703436384,0.5487783397739975,7.651060215755292e-08,256.3099280922769
265,0.0,[0. 0.],0.8385845403483528,[0.19389423 0.25418269],1.9995588703621825,[0.99527122 1.19670634],0.16100823174688375,[0. 0.],323.32548667757436,[307.15872202 311.10311515],87789.73835998836,2,AS-DIS,-1.799690297398968e-07,-2.535104500534188,1.2230059762286325,-0.8046956466733459,0.5144106132091546,0.8046956466733459,1.799690297398968e-07,256.3099280922769
266,0.0,[0. 0.],0.01944673337288224,[0. 0.],0.0,[0. 0.],0.10767728293503312,[0. 0.],317.8212086014421,[298.79571426 301.74113415],314585.85808624123,3,AS-DIS,-2.2478193058474516e-07,-3.1029239640567767,1.590305679563492,-1.5908768333742265,0.8417033213721,1.5908768333742265,2.2478193058474516e-07,256.3099280922769
267,0.0,[0. 0.],0.23152002542979924,[0.1077006  0.10801564],0.0,[0. 0.],0.09219809868257416,[0. 0.],462.1775573562625,[456.3032051  457.71663104],245345.6866593364,4,AS-DIS,-2.8328519202914034e-07,-2.5595152243589743,1.3117719303266178,-0.6617092295738939,0.4240146199241433,0.6617092295738939,2.8328519202914034e-07,256.3099280922769
268,0.0,[0. 0.],0.01309610065083822,[0. 0.],0.0,[0. 0.],0.0,[0. 0.],235.08871542148287,[224.17252191 224.96614506],291738.95305657986,5,AS-DIS,-3.028612467387339e-07,-2.918592843788156,0.5709120306776557,-0.5308810036190398,-0.37582552956571524,0.5308810036190398,3.028612467387339e-07,256.3099280922769
269,0.0,[0. 0.],0.4967267840636009,[0.15149789 0.19405445],0.0,[0. 0.],0.0,[0. 0.],263.2116138319556,[253.66251674 255.14088714],131228.78527387802,6,AS-DIS,-2.7707622252634823e-07,-1.8557385865003053,1.090183340964591,0.8376232756740547,0.03961218081014353,-0.8376232756740547,2.7707622252634823e-07,256.3099280922769
270,0.0,[0. 0.],0.053378524941458866,[0. 0.],0.0,[0. 0.],0.3497213703061099,[0. 0.],178.3002700320607,[164.82762716 165.66940768],104076.3803603577,7,AS-DIS,-2.885113484804673e-07,-0.901010008871337,0.060078096680879885,1.7946450478449334,-1.2630581056950465,-1.7946450478449334,2.885113484804673e-07,256.3099280922769
271,0.0,[0. 0.],0.8161379158327304,[0.2161963  0.31027497],0.0,[0. 0.],0.0,[0. 0.],170.96678654297008,[156.6417224  159.75158549],76923.37804275211,8,AS-DIS,-3.4540954410878694e-07,-2.043868999923687,0.46092903407356534,0.6491506800182656,-0.6562857814672446,-0.6491506800182656,3.4540954410878694e-07,256.3099280922769
272,0.0,[0. 0.],0.0,[0. 0.],36.61713037017632,[24.59506193 24.73900829],0.0,[0. 0.],113.3919665874115,[82.82123503 85.07764168],19754.03302893865,9,AS-DIS,-4.4232929683343257e-07,-2.724280038537851,0.4924885769612332,0.39293173322019576,-0.7903071306500641,-0.39293173322019576,4.4232929683343257e-07,256.3099280922769
273,0.0,[0. 0.],53.25276782955575,[33.36220833 34.45945833],0.0,[0. 0.],0.0,[0. 0.],0.0,[0. 0.],1040.770706766562,10,AS-DIS,-3.701117703102234e-07,-3.1316690037393164,1.117514928647741,-0.2084647716546032,0.09523704742833483,0.2084647716546032,3.701117703102234e-07,256.3099280922769
274,,[0. 0.],,[0. 0.],,[0. 0.],,[0. 0.],,[0. 0.],,11,AS-DIS,-2.613445108005952e-07,-2.446518954136142,0.8345002003205129,0.1272537399087743,-0.018990532860059535,-0.1272537399087743,2.613445108005952e-07,256.3099280922769
275,,[0. 0.],,[0. 0.],,[0. 0.],,[0. 0.],,[0. 0.],,12,AS-DIS,-1.9370534584392966e-07,-2.608758060515873,0.7337166847909036,-0.44490726955883153,0.09466980867351285,0.44490726955883153,1.9370534584392966e-07,256.3099280922769
276,0.0,[0. 0.],0.0,[0. 0.],0.0,[0. 0.],0.0,[0. 0.],655.367781571681,[639.51490162 640.05172545],84048.69065542331,1,BS-DIS,-1.1056897052234378e-07,0.06807281655609293,-0.12178141276041667,0.07315378739518365,-0.47675022188560223,-0.07315378739518365,1.1056897052234378e-07,257.72580992257275
277,0.0,[0. 0.],0.0,[0. 0.],0.0,[0. 0.],8.607030190081836,[1.37687847 2.17204121],819.3240408702036,[794.65331653 797.4247673 ],648948.1805283078,2,BS-DIS,-1.679611873145251e-07,0.8252993413800706,-0.911276455026455,0.8132958042988034,-1.2126763974666315,-0.8132958042988034,1.679611873145251e-07,257.72580992257275
278,0.0,[0. 0.],0.0,[0. 0.],0.0,[0. 0.],54.85942220961208,[40.67563465 41.4464715 ],613.3026496546946,[590.88995678 592.14121117],1127247.7095234694,3,BS-DIS,-2.3723362755039702e-07,0.2795495196414793,-1.0411931974757496,0.16204846756089633,-1.6345520323324463,-0.16204846756089633,2.3723362755039702e-07,257.72580992257275
279,0.0,[0. 0.],0.1625833398059575,[0.12142139 0.12217182],0.0,[0. 0.],64.32222849737471,[34.13907543 34.28511167],839.9282326958207,[799.80917835 810.69918349],1161862.3794751202,4,BS-DIS,-2.431803898194454e-07,0.840066017002866,-0.6021363811728395,0.9367002277898543,-0.9801797273378299,-0.9367002277898543,2.431803898194454e-07,257.72580992257275
280,0.0,[0. 0.],0.39649605220963263,[0.30205512 0.31530087],0.06322255216802176,[0. 0.],19.675838825307288,[3.54552883 5.89161339],1268.624433537324,[1237.6449634  1244.70581853],1067895.2897976642,5,BS-DIS,-2.6459142447966194e-07,0.6643302796378968,-1.3141576588679453,0.7965930402200191,-1.8652502069662555,-0.7965930402200191,2.6459142447966194e-07,257.72580992257275
281,0.0,[0. 0.],0.8539223478733142,[0.67381747 0.69517777],0.0,[0. 0.],1.6855077339172473,[0.01737723 0.02869395],1317.0213084228105,[1305.75946418 1306.04843441],982101.0399628051,6,BS-DIS,-2.8499609795869847e-07,1.0662440923996914,-0.09225602730241401,1.3106272252046807,-0.5694451939388091,-1.3106272252046807,2.8499609795869847e-07,257.72580992257275
282,0.009481563266818429,[0. 0.],0.7108614750743281,[0.60884883 0.61036167],2.207043247726442,[1.91971736 1.93249208],1.858277809718056,[1.07932209 1.09185702],1357.6094321861706,[1352.86987402 1352.92055149],1068762.7406289736,7,BS-DIS,-1.7655263475426963e-07,1.8176018931878306,-0.4052710692928792,2.492447001401784,-0.7063563876389086,-2.492447001401784,1.7655263475426963e-07,257.72580992257275
283,0.0,[0. 0.],1.0332132161382193,[0.88133541 0.88320092],5.123337490489363,[4.56709807 4.62058254],7.713375054068947,[4.4346521  4.66254371],1243.25431641569,[1218.91117314 1220.13361761],1189094.9812537618,8,BS-DIS,-2.3332251926023817e-07,1.1204781022652117,-0.892475215636023,1.1859871941216504,-1.4897124756211526,-1.1859871941216504,2.3332251926023817e-07,257.72580992257275
284,0.0,[0. 0.],1.277893943822341,[0.95961127 0.96205283],4.0633664638990785,[3.43715613 3.51953087],8.364635482384672,[2.98072216 3.27078031],1239.9429053645595,[1217.68040091 1217.93515168],525400.3738030007,9,BS-DIS,-2.8056965267232233e-07,1.9660848627645502,-1.4323743386243386,2.32743728160616,-1.8882985342218068,-2.32743728160616,2.8056965267232233e-07,257.72580992257275
285,0.0,[0. 0.],0.0,[0. 0.],0.0,[0. 0.],14.548704213061328,[0. 0.],407.90562101329107,[377.2304226  384.05327306],82329.62790427491,10,BS-DIS,-3.096387498658183e-07,1.4498291446208114,-0.9935093901565256,1.777550795613839,-1.5799443667086526,-1.777550795613839,3.096387498658183e-07,257.72580992257275
286,0.0,[0. 0.],0.0,[0. 0.],0.0,[0. 0.],14.267721972229571,[5.04346317 5.86352249],503.5210559081471,[483.24177466 484.99506511],66079.76655319119,11,BS-DIS,-2.4165290197648874e-07,1.1074585606812168,-0.3737759813850309,1.0774056970318753,-0.8757241438199622,-1.0774056970318753,2.4165290197648874e-07,257.72580992257275
287,0.0,[0. 0.],0.0,[0. 0.],0.0,[0. 0.],0.0,[0. 0.],557.9805305931702,[541.0085432  541.91448926],59652.18798753773,12,BS-DIS,-1.5230974411764858e-07,0.2804366069706239,-0.12941975265583663,0.20487665430159682,-0.5170992774592162,-0.20487665430159682,1.5230974411764858e-07,257.72580992257275
